timestep,group_reward,mean_reward,most_popular_arm_share,choice_entropy,distinct_arms_chosen,arm_0_count,arm_0_share,arm_1_count,arm_1_share,arm_2_count,arm_2_share,arm_3_count,arm_3_share
1,1.7140220883863586,0.21425276104829483,0.875,0.5435644431995964,2,7,0.875,0,0.0,1,0.125,0,0.0
2,4.287226407520512,0.535903300940064,0.875,0.5435644431995964,2,0,0.0,1,0.125,7,0.875,0,0.0
3,-0.1298990133181286,-0.016237376664766073,1.0,0.0,1,0,0.0,8,1.0,0,0.0,0,0.0
4,4.0619577112144665,0.5077447139018083,0.75,1.061278124459133,3,6,0.75,1,0.125,1,0.125,0,0.0
5,-0.06727974350140853,-0.008409967937676066,1.0,0.0,1,0,0.0,8,1.0,0,0.0,0,0.0
6,3.0532115636779036,0.38165144545973795,0.75,1.061278124459133,3,6,0.75,1,0.125,1,0.125,0,0.0
7,3.88077682542933,0.4850971031786662,0.875,0.5435644431995964,2,0,0.0,1,0.125,7,0.875,0,0.0
8,0.9934900306569274,0.12418625383211593,0.875,0.5435644431995964,2,0,0.0,7,0.875,1,0.125,0,0.0
9,1.1740072335782212,0.14675090419727765,0.875,0.5435644431995964,2,0,0.0,7,0.875,1,0.125,0,0.0
10,1.688740503050075,0.21109256288125938,0.875,0.5435644431995964,2,0,0.0,1,0.125,7,0.875,0,0.0
11,4.364820944767841,0.5456026180959801,0.875,0.5435644431995964,2,0,0.0,1,0.125,7,0.875,0,0.0
12,0.5741960399866431,0.0717745049983304,1.0,0.0,1,0,0.0,8,1.0,0,0.0,0,0.0
13,3.999178358603533,0.49989729482544165,0.875,0.5435644431995964,2,0,0.0,1,0.125,7,0.875,0,0.0
14,1.7216339383105683,0.21520424228882104,0.875,0.5435644431995964,2,0,0.0,7,0.875,1,0.125,0,0.0
15,1.8626862010877419,0.23283577513596773,1.0,0.0,1,0,0.0,0,0.0,8,1.0,0,0.0
16,3.0000080670088716,0.37500100837610895,0.875,0.5435644431995964,2,0,0.0,1,0.125,7,0.875,0,0.0
17,0.9019621462037875,0.11274526827547343,0.75,0.8112781244591328,2,0,0.0,6,0.75,2,0.25,0,0.0
18,1.472593062359189,0.18407413279489862,0.875,0.5435644431995964,2,0,0.0,1,0.125,7,0.875,0,0.0
19,3.421199157593323,0.42764989469916537,0.875,0.5435644431995964,2,0,0.0,1,0.125,7,0.875,0,0.0
20,2.6539324607923773,0.33174155759904717,0.625,0.9544340029249649,2,0,0.0,5,0.625,3,0.375,0,0.0
21,4.142035654886418,0.5177544568608022,0.75,1.061278124459133,3,1,0.125,1,0.125,6,0.75,0,0.0
22,2.013054527748073,0.25163181596850914,0.875,0.5435644431995964,2,0,0.0,7,0.875,1,0.125,0,0.0
23,1.491491388464898,0.18643642355811224,1.0,0.0,1,0,0.0,0,0.0,8,1.0,0,0.0
24,1.8667124383996172,0.23333905479995215,1.0,0.0,1,0,0.0,0,0.0,8,1.0,0,0.0
25,5.0083117479984915,0.6260389684998114,0.75,1.061278124459133,3,1,0.125,1,0.125,6,0.75,0,0.0
26,1.508590837519893,0.18857385468998664,0.875,0.5435644431995964,2,0,0.0,7,0.875,1,0.125,0,0.0
27,4.6987602126373655,0.5873450265796707,0.75,1.061278124459133,3,0,0.0,1,0.125,6,0.75,1,0.125
28,1.4208596611898046,0.17760745764872557,0.875,0.5435644431995964,2,1,0.125,0,0.0,0,0.0,7,0.875
29,2.754447036177862,0.34430587952223274,0.875,0.5435644431995964,2,0,0.0,1,0.125,0,0.0,7,0.875
30,0.15264529639359772,0.019080662049199715,0.875,0.5435644431995964,2,0,0.0,7,0.875,0,0.0,1,0.125
31,2.43472276278791,0.30434034534848875,0.625,1.2987949406953985,3,0,0.0,1,0.125,5,0.625,2,0.25
32,0.8268768798621665,0.10335960998277081,1.0,0.0,1,0,0.0,8,1.0,0,0.0,0,0.0
33,3.6170039935345195,0.45212549919181494,0.75,1.061278124459133,3,0,0.0,1,0.125,6,0.75,1,0.125
34,4.306675044548724,0.5383343805685905,0.75,1.061278124459133,3,1,0.125,1,0.125,0,0.0,6,0.75
35,2.7210214112284663,0.3401276764035583,0.625,1.2987949406953985,3,5,0.625,2,0.25,0,0.0,1,0.125
36,0.9852345132332222,0.12315431415415277,1.0,0.0,1,0,0.0,0,0.0,0,0.0,8,1.0
37,4.741596937948415,0.5926996172435519,0.75,1.061278124459133,3,1,0.125,1,0.125,0,0.0,6,0.75
38,2.924864338650962,0.36560804233137023,0.875,0.5435644431995964,2,0,0.0,7,0.875,0,0.0,1,0.125
39,4.4013266967121645,0.5501658370890206,0.75,1.061278124459133,3,0,0.0,1,0.125,1,0.125,6,0.75
40,2.6054232961890698,0.3256779120236337,0.75,1.061278124459133,3,1,0.125,1,0.125,6,0.75,0,0.0
41,5.216222572536121,0.6520278215670151,0.5,1.75,4,4,0.5,1,0.125,2,0.25,1,0.125
42,0.050922331865941084,0.0063652914832426355,1.0,0.0,1,0,0.0,0,0.0,0,0.0,8,1.0
43,7.912905101232783,0.9891131376540979,0.375,1.8112781244591325,4,1,0.125,1,0.125,3,0.375,3,0.375
44,1.456410795029211,0.18205134937865136,0.875,0.5435644431995964,2,7,0.875,1,0.125,0,0.0,0,0.0
45,7.7830200680900665,0.9728775085112583,0.5,1.75,4,1,0.125,4,0.5,2,0.25,1,0.125
46,4.405652177501012,0.5507065221876265,0.875,0.5435644431995964,2,0,0.0,0,0.0,1,0.125,7,0.875
47,3.6834053321221023,0.4604256665152628,0.875,0.5435644431995964,2,0,0.0,0,0.0,7,0.875,1,0.125
48,3.42921327939529,0.42865165992441123,0.875,0.5435644431995964,2,1,0.125,0,0.0,0,0.0,7,0.875
49,3.021122685900269,0.37764033573753364,0.75,1.061278124459133,3,6,0.75,0,0.0,1,0.125,1,0.125
50,4.262664348464441,0.5328330435580552,0.875,0.5435644431995964,2,0,0.0,0,0.0,1,0.125,7,0.875
51,3.094797991662077,0.38684974895775964,0.75,0.8112781244591328,2,2,0.25,0,0.0,6,0.75,0,0.0
52,3.8374419231747288,0.4796802403968411,0.625,1.5487949406953985,4,5,0.625,1,0.125,1,0.125,1,0.125
53,5.9941826182565885,0.7492728272820736,0.75,1.061278124459133,3,0,0.0,1,0.125,1,0.125,6,0.75
54,4.573081214775952,0.571635151846994,0.875,0.5435644431995964,2,0,0.0,0,0.0,7,0.875,1,0.125
55,3.9790753223503503,0.4973844152937938,0.75,1.061278124459133,3,1,0.125,0,0.0,1,0.125,6,0.75
56,8.447060737631086,1.0558825922038857,0.625,1.5487949406953985,4,5,0.625,1,0.125,1,0.125,1,0.125
57,6.2008627013725865,0.7751078376715733,0.75,1.061278124459133,3,0,0.0,1,0.125,1,0.125,6,0.75
58,3.6155001339467616,0.4519375167433452,0.75,1.061278124459133,3,1,0.125,0,0.0,6,0.75,1,0.125
59,4.223298949287229,0.5279123686609036,0.875,0.5435644431995964,2,1,0.125,0,0.0,0,0.0,7,0.875
60,0.7343194970009598,0.09178993712511997,1.0,0.0,1,8,1.0,0,0.0,0,0.0,0,0.0
61,2.924919335671948,0.3656149169589935,0.5,1.75,4,1,0.125,1,0.125,2,0.25,4,0.5
62,3.3278402758666594,0.41598003448333243,0.875,0.5435644431995964,2,7,0.875,0,0.0,0,0.0,1,0.125
63,0.8830004389848635,0.11037505487310793,1.0,0.0,1,0,0.0,0,0.0,0,0.0,8,1.0
64,8.282016475007984,1.035252059375998,0.5,1.75,4,1,0.125,1,0.125,2,0.25,4,0.5
65,1.8612777096912643,0.23265971371140803,0.875,0.5435644431995964,2,0,0.0,7,0.875,1,0.125,0,0.0
66,3.094700803908561,0.38683760048857013,0.75,0.8112781244591328,2,0,0.0,2,0.25,6,0.75,0,0.0
67,5.845314613746557,0.7306643267183196,0.5,1.75,4,1,0.125,2,0.25,4,0.5,1,0.125
68,2.381627517800488,0.297703439725061,0.875,0.5435644431995964,2,0,0.0,1,0.125,0,0.0,7,0.875
69,7.231417165829076,0.9039271457286345,0.375,1.8112781244591325,4,1,0.125,3,0.375,1,0.125,3,0.375
70,3.2933104225823757,0.41166380282279696,0.75,1.061278124459133,3,0,0.0,1,0.125,6,0.75,1,0.125
71,5.601648912129235,0.7002061140161544,0.625,1.2987949406953985,3,0,0.0,2,0.25,1,0.125,5,0.625
72,4.811622449487884,0.6014528061859855,0.625,1.2987949406953985,3,0,0.0,5,0.625,1,0.125,2,0.25
73,5.658711083743905,0.7073388854679882,0.875,0.5435644431995964,2,0,0.0,0,0.0,7,0.875,1,0.125
74,4.968388799832166,0.6210485999790207,0.875,0.5435644431995964,2,0,0.0,0,0.0,1,0.125,7,0.875
75,4.721358114255383,0.5901697642819229,0.875,0.5435644431995964,2,0,0.0,0,0.0,7,0.875,1,0.125
76,3.680493612556825,0.46006170156960313,0.875,0.5435644431995964,2,0,0.0,0,0.0,1,0.125,7,0.875
77,2.241903941239531,0.28023799265494137,0.625,1.2987949406953985,3,0,0.0,1,0.125,5,0.625,2,0.25
78,2.718775543770188,0.3398469429712735,0.75,0.8112781244591328,2,0,0.0,6,0.75,0,0.0,2,0.25
79,2.2531766999555827,0.28164708749444783,1.0,0.0,1,0,0.0,0,0.0,0,0.0,8,1.0
80,4.415230538650036,0.5519038173312545,0.625,1.5487949406953985,4,1,0.125,1,0.125,1,0.125,5,0.625
81,2.183330137474309,0.27291626718428863,0.75,1.061278124459133,3,1,0.125,1,0.125,6,0.75,0,0.0
82,2.4168358596130854,0.3021044824516357,0.75,1.061278124459133,3,1,0.125,6,0.75,0,0.0,1,0.125
83,3.0850384507756576,0.3856298063469572,1.0,0.0,1,0,0.0,0,0.0,0,0.0,8,1.0
84,2.0418031360924775,0.2552253920115597,0.75,1.061278124459133,3,1,0.125,1,0.125,0,0.0,6,0.75
85,3.3269877831648733,0.41587347289560916,0.5,1.4056390622295662,3,1,0.125,4,0.5,0,0.0,3,0.375
86,0.5235239767299217,0.06544049709124021,1.0,0.0,1,8,1.0,0,0.0,0,0.0,0,0.0
87,3.32993367823269,0.41624170977908626,0.5,1.75,4,1,0.125,1,0.125,2,0.25,4,0.5
88,2.606387525774009,0.3257984407217511,1.0,0.0,1,0,0.0,0,0.0,8,1.0,0,0.0
89,2.6633496096464957,0.33291870120581196,0.375,1.9056390622295662,4,1,0.125,2,0.25,3,0.375,2,0.25
90,2.1642669583987937,0.2705333697998492,0.5,1.5,3,0,0.0,4,0.5,2,0.25,2,0.25
91,1.2353219120546677,0.15441523900683346,0.875,0.5435644431995964,2,0,0.0,0,0.0,1,0.125,7,0.875
92,4.285914276104084,0.5357392845130104,0.875,0.5435644431995964,2,0,0.0,1,0.125,7,0.875,0,0.0
93,4.147796575134368,0.518474571891796,0.5,1.4056390622295662,3,0,0.0,4,0.5,3,0.375,1,0.125
94,7.647729322083167,0.9559661652603959,0.625,1.5487949406953985,4,1,0.125,1,0.125,1,0.125,5,0.625
95,3.952345400288704,0.494043175036088,0.75,1.061278124459133,3,1,0.125,0,0.0,6,0.75,1,0.125
96,4.8949476307045945,0.6118684538380743,0.75,1.061278124459133,3,1,0.125,1,0.125,0,0.0,6,0.75
97,2.105394031158875,0.2631742538948594,0.75,0.8112781244591328,2,2,0.25,6,0.75,0,0.0,0,0.0
98,4.202445132603627,0.5253056415754533,0.375,1.9056390622295662,4,3,0.375,2,0.25,1,0.125,2,0.25
99,4.156271589949709,0.5195339487437136,0.5,1.4056390622295662,3,0,0.0,1,0.125,4,0.5,3,0.375
100,4.488497285808775,0.5610621607260968,0.875,0.5435644431995964,2,0,0.0,7,0.875,1,0.125,0,0.0
101,2.3930529118485264,0.2991316139810658,0.875,0.5435644431995964,2,0,0.0,1,0.125,7,0.875,0,0.0
102,2.1843679659472355,0.27304599574340443,0.875,0.5435644431995964,2,0,0.0,7,0.875,1,0.125,0,0.0
103,1.119802160662159,0.1399752700827699,0.875,0.5435644431995964,2,1,0.125,0,0.0,7,0.875,0,0.0
104,4.696273139457034,0.5870341424321293,0.375,1.8112781244591325,4,1,0.125,1,0.125,3,0.375,3,0.375
105,2.478704733267616,0.309838091658452,0.75,1.061278124459133,3,1,0.125,6,0.75,0,0.0,1,0.125
106,2.8854376713149774,0.3606797089143722,0.875,0.5435644431995964,2,0,0.0,1,0.125,0,0.0,7,0.875
107,4.354140424519839,0.5442675530649799,0.875,0.5435644431995964,2,0,0.0,7,0.875,0,0.0,1,0.125
108,3.205087223382869,0.4006359029228586,1.0,0.0,1,0,0.0,0,0.0,0,0.0,8,1.0
109,6.545726657076903,0.8182158321346129,0.75,1.061278124459133,3,0,0.0,1,0.125,1,0.125,6,0.75
110,3.052618912339959,0.38157736404249487,0.75,1.061278124459133,3,1,0.125,1,0.125,6,0.75,0,0.0
111,3.3846988403925176,0.4230873550490647,0.875,0.5435644431995964,2,7,0.875,0,0.0,1,0.125,0,0.0
112,3.665330314535237,0.4581662893169046,0.625,1.2987949406953985,3,1,0.125,2,0.25,5,0.625,0,0.0
113,6.114661652474774,0.7643327065593467,0.375,1.8112781244591327,4,1,0.125,3,0.375,3,0.375,1,0.125
114,1.396945788982976,0.174618223622872,0.875,0.5435644431995964,2,1,0.125,0,0.0,0,0.0,7,0.875
115,3.0032334329572117,0.37540417911965146,0.625,1.5487949406953985,4,1,0.125,1,0.125,1,0.125,5,0.625
116,1.1487333997770877,0.14359167497213596,1.0,0.0,1,0,0.0,0,0.0,8,1.0,0,0.0
117,6.249995523759344,0.781249440469918,0.375,1.9056390622295662,4,1,0.125,2,0.25,3,0.375,2,0.25
118,3.1499493025707084,0.39374366282133855,0.625,0.9544340029249649,2,0,0.0,0,0.0,3,0.375,5,0.625
119,6.756509500830511,0.8445636876038138,0.625,1.2987949406953985,3,0,0.0,1,0.125,2,0.25,5,0.625
120,1.3633082083432781,0.17041352604290977,0.5,1.0,2,0,0.0,4,0.5,4,0.5,0,0.0
121,5.538246578502056,0.692280822312757,0.5,1.5,3,2,0.25,0,0.0,4,0.5,2,0.25
122,3.832025160631316,0.4790031450789145,0.875,0.5435644431995964,2,7,0.875,0,0.0,0,0.0,1,0.125
123,2.4978400325080496,0.3122300040635062,0.75,0.8112781244591328,2,0,0.0,0,0.0,2,0.25,6,0.75
124,4.517158985368081,0.5646448731710101,0.875,0.5435644431995964,2,0,0.0,0,0.0,7,0.875,1,0.125
125,2.811387225832093,0.3514234032290116,0.75,1.061278124459133,3,0,0.0,1,0.125,1,0.125,6,0.75
126,3.701431842569296,0.462678980321162,0.625,1.5487949406953985,4,1,0.125,1,0.125,5,0.625,1,0.125
127,1.3333637669224139,0.16667047086530173,0.625,0.9544340029249649,2,3,0.375,0,0.0,0,0.0,5,0.625
128,6.6012748648988,0.82515935811235,0.375,1.8112781244591325,4,3,0.375,1,0.125,1,0.125,3,0.375
129,5.047841933135007,0.6309802416418758,0.75,1.061278124459133,3,0,0.0,1,0.125,6,0.75,1,0.125
130,3.462947947265425,0.4328684934081781,0.75,1.061278124459133,3,1,0.125,1,0.125,0,0.0,6,0.75
131,0.5425110411991388,0.06781388014989236,1.0,0.0,1,0,0.0,8,1.0,0,0.0,0,0.0
132,6.772020784263854,0.8465025980329818,0.375,1.9056390622295662,4,1,0.125,2,0.25,3,0.375,2,0.25
133,5.495299430165941,0.6869124287707427,0.5,1.75,4,1,0.125,1,0.125,2,0.25,4,0.5
134,7.134428485174763,0.8918035606468454,0.25,2.0,4,2,0.25,2,0.25,2,0.25,2,0.25
135,5.377535561203169,0.6721919451503962,0.375,1.9056390622295662,4,3,0.375,2,0.25,2,0.25,1,0.125
136,0.7930415397869985,0.09913019247337482,0.875,0.5435644431995964,2,0,0.0,0,0.0,7,0.875,1,0.125
137,0.9793832072818474,0.12242290091023092,0.625,0.9544340029249649,2,0,0.0,3,0.375,5,0.625,0,0.0
138,5.377048028339399,0.6721310035424248,0.5,1.75,4,1,0.125,1,0.125,4,0.5,2,0.25
139,4.467297648077034,0.5584122060096293,0.625,0.9544340029249649,2,0,0.0,5,0.625,0,0.0,3,0.375
140,2.5818038776830403,0.32272548471038004,1.0,0.0,1,0,0.0,0,0.0,0,0.0,8,1.0
141,4.6602363234840745,0.5825295404355093,0.625,1.5487949406953985,4,1,0.125,1,0.125,1,0.125,5,0.625
142,1.419638276019902,0.17745478450248775,1.0,0.0,1,0,0.0,0,0.0,8,1.0,0,0.0
143,3.9275124194214683,0.49093905242768354,0.5,1.75,4,2,0.25,1,0.125,1,0.125,4,0.5
144,2.6213671018150153,0.3276708877268769,0.875,0.5435644431995964,2,1,0.125,0,0.0,7,0.875,0,0.0
145,1.3905062719665557,0.17381328399581947,0.5,1.4056390622295662,3,4,0.5,0,0.0,3,0.375,1,0.125
146,3.4404745824248737,0.4300593228031092,0.875,0.5435644431995964,2,1,0.125,0,0.0,0,0.0,7,0.875
147,3.6912530641780332,0.46140663302225415,0.875,0.5435644431995964,2,7,0.875,0,0.0,1,0.125,0,0.0
148,2.001505311781101,0.2501881639726376,1.0,0.0,1,0,0.0,0,0.0,8,1.0,0,0.0
149,3.603001266073178,0.45037515825914726,0.5,1.75,4,2,0.25,1,0.125,4,0.5,1,0.125
150,4.958250153334059,0.6197812691667574,0.75,0.8112781244591328,2,0,0.0,0,0.0,2,0.25,6,0.75
151,2.419735891600751,0.3024669864500939,1.0,0.0,1,0,0.0,0,0.0,8,1.0,0,0.0
152,4.012008497166706,0.5015010621458382,0.625,1.5487949406953985,4,1,0.125,1,0.125,5,0.625,1,0.125
153,0.6553535450516373,0.08191919313145467,1.0,0.0,1,0,0.0,0,0.0,0,0.0,8,1.0
154,6.203607695676652,0.7754509619595815,0.625,1.5487949406953985,4,1,0.125,1,0.125,1,0.125,5,0.625
155,1.6728560433479251,0.20910700541849064,0.75,0.8112781244591328,2,6,0.75,0,0.0,2,0.25,0,0.0
156,4.398143419663602,0.5497679274579502,0.875,0.5435644431995964,2,0,0.0,1,0.125,7,0.875,0,0.0
157,2.5735858862345977,0.3216982357793247,0.75,1.061278124459133,3,1,0.125,6,0.75,1,0.125,0,0.0
158,0.6993447420381188,0.08741809275476485,1.0,0.0,1,0,0.0,0,0.0,8,1.0,0,0.0
159,6.9706758008788965,0.8713344751098621,0.375,1.9056390622295662,4,2,0.25,1,0.125,3,0.375,2,0.25
160,4.422952871485682,0.5528691089357103,0.625,0.9544340029249649,2,3,0.375,5,0.625,0,0.0,0,0.0
161,4.435938974904033,0.5544923718630042,0.5,1.75,4,4,0.5,1,0.125,1,0.125,2,0.25
162,-0.006870994023376209,-0.0008588742529220261,1.0,0.0,1,0,0.0,0,0.0,8,1.0,0,0.0
163,6.7274180795250285,0.8409272599406286,0.375,1.9056390622295662,4,2,0.25,1,0.125,2,0.25,3,0.375
164,2.1574851155207093,0.26968563944008866,0.875,0.5435644431995964,2,1,0.125,7,0.875,0,0.0,0,0.0
165,3.4395899272737696,0.4299487409092212,0.75,1.061278124459133,3,6,0.75,1,0.125,1,0.125,0,0.0
166,3.006738731112846,0.37584234138910577,0.75,1.061278124459133,3,0,0.0,6,0.75,1,0.125,1,0.125
167,4.657542962554688,0.582192870319336,0.875,0.5435644431995964,2,0,0.0,0,0.0,1,0.125,7,0.875
168,2.869023205774499,0.3586279007218124,0.75,0.8112781244591328,2,0,0.0,0,0.0,6,0.75,2,0.25
169,4.868646606398796,0.6085808257998495,0.875,0.5435644431995964,2,0,0.0,0,0.0,1,0.125,7,0.875
170,4.948552420593259,0.6185690525741574,0.75,0.8112781244591328,2,0,0.0,0,0.0,6,0.75,2,0.25
171,2.1687874623109242,0.27109843278886553,0.875,0.5435644431995964,2,0,0.0,1,0.125,0,0.0,7,0.875
172,3.037715607255074,0.37971445090688427,0.75,0.8112781244591328,2,0,0.0,6,0.75,0,0.0,2,0.25
173,0.27352245573687095,0.03419030696710887,0.875,0.5435644431995964,2,0,0.0,1,0.125,0,0.0,7,0.875
174,6.7285171743008325,0.8410646467876041,0.5,1.75,4,1,0.125,1,0.125,2,0.25,4,0.5
175,3.1257408365529376,0.3907176045691172,0.75,0.8112781244591328,2,0,0.0,0,0.0,6,0.75,2,0.25
176,3.859919908684039,0.48248998858550485,0.875,0.5435644431995964,2,0,0.0,1,0.125,0,0.0,7,0.875
177,0.5173143158066146,0.06466428947582682,0.75,1.061278124459133,3,0,0.0,6,0.75,1,0.125,1,0.125
178,5.106386801646427,0.6382983502058034,0.75,1.061278124459133,3,1,0.125,1,0.125,0,0.0,6,0.75
179,5.398798714040863,0.6748498392551079,0.75,1.061278124459133,3,1,0.125,1,0.125,0,0.0,6,0.75
180,1.8480923994299399,0.23101154992874248,0.875,0.5435644431995964,2,0,0.0,7,0.875,1,0.125,0,0.0
181,8.19094158708762,1.0238676983859525,0.625,1.5487949406953985,4,1,0.125,1,0.125,5,0.625,1,0.125
182,4.766825787728308,0.5958532234660385,0.625,1.5487949406953985,4,1,0.125,1,0.125,1,0.125,5,0.625
183,7.734274453698445,0.9667843067123056,0.375,1.9056390622295662,4,1,0.125,3,0.375,2,0.25,2,0.25
184,8.81308616901027,1.1016357711262839,0.625,1.2987949406953985,3,2,0.25,1,0.125,0,0.0,5,0.625
185,2.6326925447189886,0.3290865680898736,0.875,0.5435644431995964,2,1,0.125,7,0.875,0,0.0,0,0.0
186,5.060785664651965,0.6325982080814956,0.75,1.061278124459133,3,6,0.75,1,0.125,0,0.0,1,0.125
187,2.7879376014698996,0.34849220018373744,0.625,0.9544340029249649,2,0,0.0,5,0.625,0,0.0,3,0.375
188,7.97280791796009,0.9966009897450112,0.75,1.061278124459133,3,0,0.0,1,0.125,1,0.125,6,0.75
189,2.316094159356445,0.28951176991955563,0.875,0.5435644431995964,2,0,0.0,1,0.125,7,0.875,0,0.0
190,8.491891614982515,1.0614864518728144,0.5,1.75,4,1,0.125,2,0.25,4,0.5,1,0.125
191,0.953441703554987,0.11918021294437338,0.875,0.5435644431995964,2,7,0.875,0,0.0,1,0.125,0,0.0
192,5.488134477480754,0.6860168096850943,0.875,0.5435644431995964,2,0,0.0,0,0.0,7,0.875,1,0.125
193,3.534017483695187,0.4417521854618984,0.875,0.5435644431995964,2,1,0.125,0,0.0,0,0.0,7,0.875
194,8.585603391177234,1.0732004238971542,0.5,1.5,3,4,0.5,0,0.0,2,0.25,2,0.25
195,2.8421857476923433,0.3552732184615429,0.875,0.5435644431995964,2,0,0.0,0,0.0,7,0.875,1,0.125
196,0.46372940468283685,0.05796617558535461,1.0,0.0,1,0,0.0,0,0.0,0,0.0,8,1.0
197,4.356859967253098,0.5446074959066373,0.375,1.9056390622295662,4,1,0.125,2,0.25,3,0.375,2,0.25
198,2.494129537622957,0.3117661922028696,0.625,0.9544340029249649,2,0,0.0,3,0.375,0,0.0,5,0.625
199,4.699010966877898,0.5873763708597373,0.5,1.75,4,1,0.125,2,0.25,1,0.125,4,0.5
200,1.6407526087209159,0.20509407609011449,0.625,1.2987949406953985,3,1,0.125,0,0.0,5,0.625,2,0.25
201,2.3193827770510627,0.28992284713138283,0.375,1.5612781244591325,3,3,0.375,0,0.0,2,0.25,3,0.375
202,3.6309990203283427,0.45387487754104283,0.75,1.061278124459133,3,1,0.125,0,0.0,1,0.125,6,0.75
203,2.3374420810387906,0.2921802601298488,1.0,0.0,1,0,0.0,0,0.0,8,1.0,0,0.0
204,4.8672451398727965,0.6084056424840996,0.5,1.75,4,1,0.125,2,0.25,4,0.5,1,0.125
205,3.2561318756967044,0.40701648446208805,0.875,0.5435644431995964,2,1,0.125,0,0.0,0,0.0,7,0.875
206,2.726586555976015,0.3408233194970019,0.875,0.5435644431995964,2,7,0.875,1,0.125,0,0.0,0,0.0
207,3.603857292816496,0.450482161602062,0.625,1.2987949406953985,3,2,0.25,5,0.625,1,0.125,0,0.0
208,3.7236045172016907,0.46545056465021134,0.75,1.061278124459133,3,1,0.125,0,0.0,6,0.75,1,0.125
209,2.8439850408702045,0.35549813010877557,0.875,0.5435644431995964,2,1,0.125,0,0.0,0,0.0,7,0.875
210,0.9571199229909387,0.11963999037386734,0.75,1.061278124459133,3,0,0.0,1,0.125,1,0.125,6,0.75
211,-0.6548417086572291,-0.08185521358215364,1.0,0.0,1,0,0.0,0,0.0,8,1.0,0,0.0
212,7.159476925701157,0.8949346157126447,0.5,1.75,4,1,0.125,2,0.25,1,0.125,4,0.5
213,2.7604162673712462,0.3450520334214058,0.625,1.5487949406953985,4,1,0.125,1,0.125,5,0.625,1,0.125
214,2.0923610419161274,0.2615451302395159,1.0,0.0,1,0,0.0,0,0.0,0,0.0,8,1.0
215,3.188468443562824,0.398558555445353,0.5,1.75,4,2,0.25,1,0.125,1,0.125,4,0.5
216,1.2520352339857663,0.1565044042482208,1.0,0.0,1,0,0.0,8,1.0,0,0.0,0,0.0
217,3.5608603609708984,0.4451075451213623,0.375,1.9056390622295662,4,2,0.25,3,0.375,1,0.125,2,0.25
218,6.440466625396789,0.8050583281745987,0.875,0.5435644431995964,2,0,0.0,0,0.0,7,0.875,1,0.125
219,4.4327869035117535,0.5540983629389692,0.875,0.5435644431995964,2,0,0.0,0,0.0,1,0.125,7,0.875
220,3.566929917478978,0.44586623968487227,0.875,0.5435644431995964,2,0,0.0,0,0.0,7,0.875,1,0.125
221,3.830742944980772,0.4788428681225965,0.75,1.061278124459133,3,0,0.0,1,0.125,1,0.125,6,0.75
222,0.4083303945026747,0.05104129931283434,0.625,0.9544340029249649,2,0,0.0,3,0.375,5,0.625,0,0.0
223,8.927145237279857,1.1158931546599822,0.625,1.5487949406953985,4,1,0.125,1,0.125,5,0.625,1,0.125
224,4.82510131822416,0.60313766477802,0.625,1.2987949406953985,3,1,0.125,5,0.625,0,0.0,2,0.25
225,1.4258700507380415,0.1782337563422552,0.875,0.5435644431995964,2,1,0.125,0,0.0,0,0.0,7,0.875
226,3.1213029830490093,0.39016287288112617,1.0,0.0,1,8,1.0,0,0.0,0,0.0,0,0.0
227,5.277404189376323,0.6596755236720404,0.5,1.75,4,4,0.5,1,0.125,2,0.25,1,0.125
228,3.4151186881586586,0.4268898360198323,0.5,1.0,2,0,0.0,4,0.5,0,0.0,4,0.5
229,0.9094140635765984,0.1136767579470748,0.75,1.061278124459133,3,0,0.0,1,0.125,1,0.125,6,0.75
230,3.984228782845441,0.4980285978556801,0.875,0.5435644431995964,2,1,0.125,0,0.0,7,0.875,0,0.0
231,4.694374739448719,0.5867968424310899,0.625,1.2987949406953985,3,5,0.625,0,0.0,1,0.125,2,0.25
232,5.37127680504147,0.6714096006301837,0.75,0.8112781244591328,2,0,0.0,0,0.0,6,0.75,2,0.25
233,4.180419444885931,0.5225524306107414,0.5,1.4056390622295662,3,0,0.0,1,0.125,4,0.5,3,0.375
234,3.4626926241439957,0.43283657801799946,0.75,0.8112781244591328,2,0,0.0,0,0.0,6,0.75,2,0.25
235,2.123830098939599,0.2654787623674499,1.0,0.0,1,0,0.0,0,0.0,0,0.0,8,1.0
236,5.44689806028375,0.6808622575354687,0.625,1.5487949406953985,4,1,0.125,1,0.125,1,0.125,5,0.625
237,2.1239099952452656,0.2654887494056582,0.875,0.5435644431995964,2,1,0.125,0,0.0,7,0.875,0,0.0
238,3.3591185529710743,0.4198898191213843,0.375,1.9056390622295662,4,2,0.25,2,0.25,3,0.375,1,0.125
239,1.6141790689557314,0.20177238361946642,1.0,0.0,1,0,0.0,0,0.0,0,0.0,8,1.0
240,5.107399737468063,0.6384249671835078,0.625,1.5487949406953985,4,1,0.125,1,0.125,1,0.125,5,0.625
241,2.339812139731863,0.2924765174664829,0.875,0.5435644431995964,2,0,0.0,1,0.125,7,0.875,0,0.0
242,6.298213921447145,0.7872767401808931,0.625,1.2987949406953985,3,0,0.0,5,0.625,2,0.25,1,0.125
243,6.74668235351808,0.84333529418976,0.5,1.0,2,0,0.0,0,0.0,4,0.5,4,0.5
244,3.791237880855224,0.473904735106903,0.875,0.5435644431995964,2,0,0.0,0,0.0,7,0.875,1,0.125
245,1.674501331517831,0.20931266643972887,1.0,0.0,1,0,0.0,0,0.0,0,0.0,8,1.0
246,1.4109609673526708,0.17637012091908386,0.625,1.2987949406953985,3,0,0.0,2,0.25,1,0.125,5,0.625
247,3.335672345878383,0.4169590432347979,1.0,0.0,1,0,0.0,0,0.0,8,1.0,0,0.0
248,1.3850857607394893,0.17313572009243616,0.625,1.5487949406953985,4,1,0.125,1,0.125,5,0.625,1,0.125
249,-0.18385972934488837,-0.022982466168111046,0.875,0.5435644431995964,2,1,0.125,7,0.875,0,0.0,0,0.0
250,3.2984603927007576,0.4123075490875947,0.5,1.5,3,0,0.0,2,0.25,2,0.25,4,0.5
251,3.731570608719636,0.4664463260899545,0.75,1.061278124459133,3,0,0.0,6,0.75,1,0.125,1,0.125
252,3.642183421760454,0.45527292772005673,1.0,0.0,1,0,0.0,0,0.0,0,0.0,8,1.0
253,2.3935938886815924,0.29919923608519905,0.625,1.2987949406953985,3,0,0.0,2,0.25,1,0.125,5,0.625
254,6.2058930833622385,0.7757366354202798,0.625,1.2987949406953985,3,0,0.0,5,0.625,2,0.25,1,0.125
255,5.485483271467871,0.6856854089334838,0.875,0.5435644431995964,2,0,0.0,1,0.125,0,0.0,7,0.875
256,2.556300082386643,0.3195375102983304,0.875,0.5435644431995964,2,1,0.125,7,0.875,0,0.0,0,0.0
257,3.3835558527054403,0.42294448158818004,0.875,0.5435644431995964,2,7,0.875,1,0.125,0,0.0,0,0.0
258,-0.3316412421212698,-0.04145515526515872,1.0,0.0,1,0,0.0,8,1.0,0,0.0,0,0.0
259,7.84139018575849,0.9801737732198113,0.375,1.9056390622295662,4,3,0.375,1,0.125,2,0.25,2,0.25
260,3.3235400921657194,0.41544251152071493,0.75,1.061278124459133,3,1,0.125,1,0.125,0,0.0,6,0.75
261,0.5377315516493635,0.06721644395617044,1.0,0.0,1,8,1.0,0,0.0,0,0.0,0,0.0
262,6.825315042730422,0.8531643803413027,0.375,1.9056390622295662,4,3,0.375,1,0.125,2,0.25,2,0.25
263,6.884855018359335,0.8606068772949169,0.875,0.5435644431995964,2,0,0.0,0,0.0,1,0.125,7,0.875
264,5.1842959810048415,0.6480369976256052,0.875,0.5435644431995964,2,0,0.0,0,0.0,7,0.875,1,0.125
265,1.794434283434236,0.2243042854292795,0.875,0.5435644431995964,2,0,0.0,0,0.0,1,0.125,7,0.875
266,2.184762134827281,0.2730952668534101,1.0,0.0,1,0,0.0,0,0.0,8,1.0,0,0.0
267,5.179734902170068,0.6474668627712585,0.5,1.75,4,2,0.25,1,0.125,4,0.5,1,0.125
268,2.6942701173423793,0.3367837646677974,0.625,1.2987949406953985,3,1,0.125,2,0.25,0,0.0,5,0.625
269,2.961581659575719,0.3701977074469649,0.5,1.75,4,1,0.125,4,0.5,1,0.125,2,0.25
270,4.682287443939672,0.585285930492459,0.875,0.5435644431995964,2,0,0.0,0,0.0,7,0.875,1,0.125
271,3.836531906952737,0.4795664883690921,0.875,0.5435644431995964,2,0,0.0,0,0.0,1,0.125,7,0.875
272,2.1834918379691177,0.2729364797461397,1.0,0.0,1,0,0.0,0,0.0,8,1.0,0,0.0
273,4.661113986229474,0.5826392482786843,0.625,1.5487949406953985,4,1,0.125,1,0.125,5,0.625,1,0.125
274,3.829800957854666,0.47872511973183324,0.75,1.061278124459133,3,6,0.75,0,0.0,1,0.125,1,0.125
275,2.5735984510575243,0.32169980638219053,0.875,0.5435644431995964,2,0,0.0,0,0.0,1,0.125,7,0.875
276,2.560842887770825,0.3201053609713531,0.875,0.5435644431995964,2,1,0.125,0,0.0,7,0.875,0,0.0
277,1.3825100345283374,0.17281375431604218,1.0,0.0,1,8,1.0,0,0.0,0,0.0,0,0.0
278,3.8459749975710853,0.48074687469638566,0.25,2.0,4,2,0.25,2,0.25,2,0.25,2,0.25
279,2.9056005455832303,0.3632000681979038,0.625,1.2987949406953985,3,0,0.0,2,0.25,5,0.625,1,0.125
280,0.966348446830519,0.12079355585381488,1.0,0.0,1,0,0.0,0,0.0,0,0.0,8,1.0
281,5.948063266651239,0.7435079083314049,0.625,1.5487949406953985,4,1,0.125,1,0.125,1,0.125,5,0.625
282,2.6547979140792473,0.3318497392599059,0.75,0.8112781244591328,2,0,0.0,2,0.25,6,0.75,0,0.0
283,1.699506290550931,0.21243828631886638,0.875,0.5435644431995964,2,1,0.125,7,0.875,0,0.0,0,0.0
284,5.563583265118636,0.6954479081398295,0.375,1.9056390622295662,4,1,0.125,3,0.375,2,0.25,2,0.25
285,-1.512094767468452,-0.1890118459335565,0.875,0.5435644431995964,2,7,0.875,0,0.0,1,0.125,0,0.0
286,3.966123949636042,0.49576549370450523,0.5,1.4056390622295662,3,3,0.375,1,0.125,0,0.0,4,0.5
287,6.104390058518292,0.7630487573147865,0.375,1.5612781244591325,3,3,0.375,2,0.25,0,0.0,3,0.375
288,5.7453772317983995,0.7181721539747999,0.625,1.2987949406953985,3,2,0.25,1,0.125,0,0.0,5,0.625
289,5.706325693199742,0.7132907116499677,0.5,1.4056390622295662,3,3,0.375,4,0.5,0,0.0,1,0.125
290,2.2258701326771626,0.2782337665846453,1.0,0.0,1,0,0.0,0,0.0,0,0.0,8,1.0
291,6.2661099806091025,0.7832637475761378,0.75,1.061278124459133,3,0,0.0,1,0.125,1,0.125,6,0.75
292,5.579826403597339,0.6974783004496674,0.75,1.061278124459133,3,1,0.125,6,0.75,1,0.125,0,0.0
293,0.763910984749136,0.095488873093642,0.875,0.5435644431995964,2,7,0.875,0,0.0,1,0.125,0,0.0
294,3.4081850218892087,0.4260231277361511,0.625,1.2987949406953985,3,1,0.125,0,0.0,5,0.625,2,0.25
295,1.3034881984576667,0.16293602480720834,0.875,0.5435644431995964,2,1,0.125,0,0.0,0,0.0,7,0.875
296,1.7928740175792084,0.22410925219740105,0.5,1.75,4,4,0.5,1,0.125,2,0.25,1,0.125
297,6.0784005188627805,0.7598000648578476,0.5,1.5,3,4,0.5,2,0.25,0,0.0,2,0.25
298,2.815842687256734,0.35198033590709177,0.625,0.9544340029249649,2,0,0.0,3,0.375,0,0.0,5,0.625
299,2.6568408789178655,0.3321051098647332,1.0,0.0,1,0,0.0,0,0.0,0,0.0,8,1.0
300,6.055299691676471,0.7569124614595589,0.75,1.061278124459133,3,0,0.0,1,0.125,1,0.125,6,0.75
301,3.842917687989856,0.480364710998732,0.5,1.4056390622295662,3,1,0.125,4,0.5,3,0.375,0,0.0
302,4.271817223885889,0.5339771529857361,0.75,0.8112781244591328,2,2,0.25,0,0.0,6,0.75,0,0.0
303,1.7954995631131163,0.22443744538913954,0.875,0.5435644431995964,2,7,0.875,0,0.0,1,0.125,0,0.0
304,3.730477165769551,0.4663096457211939,0.875,0.5435644431995964,2,1,0.125,0,0.0,7,0.875,0,0.0
305,3.554034417593341,0.4442543021991676,0.875,0.5435644431995964,2,7,0.875,1,0.125,0,0.0,0,0.0
306,0.0417152304224746,0.005214403802809325,1.0,0.0,1,0,0.0,8,1.0,0,0.0,0,0.0
307,5.690698321372637,0.7113372901715797,0.375,1.9056390622295662,4,2,0.25,1,0.125,2,0.25,3,0.375
308,3.953121820327425,0.4941402275409281,0.875,0.5435644431995964,2,1,0.125,7,0.875,0,0.0,0,0.0
309,4.558440015438782,0.5698050019298477,0.875,0.5435644431995964,2,7,0.875,1,0.125,0,0.0,0,0.0
310,2.247270092698734,0.28090876158734174,1.0,0.0,1,0,0.0,8,1.0,0,0.0,0,0.0
311,5.855736081241384,0.731967010155173,0.375,1.8112781244591327,4,3,0.375,3,0.375,1,0.125,1,0.125
312,3.6784242026047087,0.4598030253255886,0.875,0.5435644431995964,2,0,0.0,0,0.0,7,0.875,1,0.125
313,1.179253408463605,0.14740667605795063,1.0,0.0,1,0,0.0,0,0.0,0,0.0,8,1.0
314,4.2734557593873825,0.5341819699234228,0.5,1.75,4,2,0.25,1,0.125,1,0.125,4,0.5
315,3.41628793430433,0.42703599178804125,0.75,1.061278124459133,3,0,0.0,1,0.125,1,0.125,6,0.75
316,2.9566599957183244,0.36958249946479055,0.875,0.5435644431995964,2,0,0.0,1,0.125,7,0.875,0,0.0
317,3.678713067781381,0.45983913347267263,0.625,1.2987949406953985,3,2,0.25,0,0.0,5,0.625,1,0.125
318,0.720953119679038,0.09011913995987975,1.0,0.0,1,0,0.0,0,0.0,0,0.0,8,1.0
319,3.79017961317962,0.4737724516474525,0.5,1.75,4,1,0.125,4,0.5,1,0.125,2,0.25
320,5.883145978811701,0.7353932473514626,0.75,1.061278124459133,3,0,0.0,1,0.125,1,0.125,6,0.75
321,3.660484674557478,0.45756058431968477,0.875,0.5435644431995964,2,0,0.0,7,0.875,1,0.125,0,0.0
322,3.699919359916167,0.4624899199895209,0.75,1.061278124459133,3,0,0.0,1,0.125,6,0.75,1,0.125
323,4.874328197014313,0.6092910246267891,0.875,0.5435644431995964,2,0,0.0,0,0.0,1,0.125,7,0.875
324,0.8630030055865953,0.10787537569832441,1.0,0.0,1,0,0.0,0,0.0,8,1.0,0,0.0
325,5.745186015299129,0.7181482519123912,0.25,2.0,4,2,0.25,2,0.25,2,0.25,2,0.25
326,4.474752842444481,0.5593441053055601,0.875,0.5435644431995964,2,1,0.125,0,0.0,0,0.0,7,0.875
327,5.7950328158545545,0.7243791019818193,0.5,1.4056390622295662,3,4,0.5,0,0.0,1,0.125,3,0.375
328,2.2482623404097937,0.2810327925512242,0.875,0.5435644431995964,2,0,0.0,0,0.0,7,0.875,1,0.125
329,2.73576482728374,0.3419706034104675,0.75,0.8112781244591328,2,0,0.0,2,0.25,0,0.0,6,0.75
330,4.498089956162122,0.5622612445202653,0.75,1.061278124459133,3,1,0.125,1,0.125,0,0.0,6,0.75
331,3.2536464268565672,0.4067058033570709,0.875,0.5435644431995964,2,7,0.875,0,0.0,1,0.125,0,0.0
332,4.969038197582956,0.6211297746978695,0.75,1.061278124459133,3,0,0.0,1,0.125,6,0.75,1,0.125
333,2.3862975973488316,0.29828719966860395,0.75,0.8112781244591328,2,0,0.0,6,0.75,2,0.25,0,0.0
334,1.4098253639673073,0.1762281704959134,1.0,0.0,1,0,0.0,0,0.0,8,1.0,0,0.0
335,4.237159987610951,0.5296449984513689,0.25,2.0,4,2,0.25,2,0.25,2,0.25,2,0.25
336,2.3800174024904273,0.2975021753113034,0.75,1.061278124459133,3,0,0.0,1,0.125,6,0.75,1,0.125
337,1.5064080580798402,0.18830100725998003,1.0,0.0,1,0,0.0,0,0.0,0,0.0,8,1.0
338,8.37089571543182,1.0463619644289774,0.5,1.75,4,1,0.125,1,0.125,2,0.25,4,0.5
339,4.693275050579277,0.5866593813224096,0.625,0.9544340029249649,2,0,0.0,5,0.625,3,0.375,0,0.0
340,6.672804115409624,0.834100514426203,0.625,1.2987949406953985,3,0,0.0,2,0.25,5,0.625,1,0.125
341,3.9806593901790395,0.49758242377237993,0.625,0.9544340029249649,2,0,0.0,5,0.625,0,0.0,3,0.375
342,7.65023158569917,0.9562789482123962,0.5,1.75,4,1,0.125,2,0.25,1,0.125,4,0.5
343,2.5292195004389137,0.3161524375548642,0.75,1.061278124459133,3,1,0.125,0,0.0,6,0.75,1,0.125
344,1.8401308356387793,0.23001635445484742,0.875,0.5435644431995964,2,1,0.125,0,0.0,0,0.0,7,0.875
345,3.3468041491215437,0.41835051864019296,0.875,0.5435644431995964,2,7,0.875,0,0.0,1,0.125,0,0.0
346,1.9244328005285813,0.24055410006607267,0.875,0.5435644431995964,2,0,0.0,1,0.125,7,0.875,0,0.0
347,4.442760426235092,0.5553450532793865,0.75,1.061278124459133,3,1,0.125,0,0.0,6,0.75,1,0.125
348,0.5957302417622808,0.0744662802202851,1.0,0.0,1,0,0.0,0,0.0,0,0.0,8,1.0
349,1.6088993045764792,0.2011124130720599,0.5,1.75,4,1,0.125,2,0.25,1,0.125,4,0.5
350,3.5549689507541533,0.44437111884426916,0.375,1.9056390622295662,4,1,0.125,3,0.375,2,0.25,2,0.25
351,1.677562585714909,0.20969532321436363,0.75,0.8112781244591328,2,0,0.0,2,0.25,0,0.0,6,0.75
352,6.499907772315514,0.8124884715394393,0.625,1.5487949406953985,4,1,0.125,1,0.125,1,0.125,5,0.625
353,2.2783606096011537,0.2847950762001442,0.875,0.5435644431995964,2,7,0.875,0,0.0,0,0.0,1,0.125
354,4.830300109524944,0.603787513690618,0.875,0.5435644431995964,2,1,0.125,0,0.0,0,0.0,7,0.875
355,1.909928550407072,0.238741068800884,0.75,0.8112781244591328,2,6,0.75,0,0.0,2,0.25,0,0.0
356,4.3749977071077,0.5468747133884625,0.375,1.9056390622295662,4,2,0.25,2,0.25,3,0.375,1,0.125
357,2.165152221272873,0.2706440276591091,1.0,0.0,1,0,0.0,0,0.0,0,0.0,8,1.0
358,2.024668962998307,0.2530836203747884,0.5,1.75,4,1,0.125,1,0.125,2,0.25,4,0.5
359,3.978521284427366,0.49731516055342073,0.875,0.5435644431995964,2,1,0.125,7,0.875,0,0.0,0,0.0
360,1.600784700939798,0.20009808761747475,0.875,0.5435644431995964,2,7,0.875,1,0.125,0,0.0,0,0.0
361,4.035764251781811,0.5044705314727264,0.375,1.9056390622295662,4,2,0.25,3,0.375,2,0.25,1,0.125
362,4.558445809706174,0.5698057262132717,0.5,1.4056390622295662,3,0,0.0,1,0.125,3,0.375,4,0.5
363,3.4627024389591807,0.4328378048698976,0.75,0.8112781244591328,2,0,0.0,0,0.0,2,0.25,6,0.75
364,1.6448691999807237,0.20560864999759046,1.0,0.0,1,0,0.0,0,0.0,8,1.0,0,0.0
365,4.719513020448986,0.5899391275561232,0.625,1.5487949406953985,4,1,0.125,1,0.125,5,0.625,1,0.125
366,2.018938535941725,0.25236731699271564,0.875,0.5435644431995964,2,0,0.0,7,0.875,0,0.0,1,0.125
367,0.8847001407831369,0.11058751759789211,1.0,0.0,1,0,0.0,0,0.0,0,0.0,8,1.0
368,3.9279660877216167,0.4909957609652021,0.375,1.9056390622295662,4,2,0.25,3,0.375,1,0.125,2,0.25
369,2.674685081480037,0.33433563518500464,0.875,0.5435644431995964,2,0,0.0,0,0.0,7,0.875,1,0.125
370,1.9751347400319699,0.24689184250399623,0.75,0.8112781244591328,2,0,0.0,0,0.0,2,0.25,6,0.75
371,2.899828319601175,0.3624785399501469,0.875,0.5435644431995964,2,0,0.0,1,0.125,0,0.0,7,0.875
372,3.23467090106582,0.4043338626332275,0.75,1.061278124459133,3,0,0.0,1,0.125,1,0.125,6,0.75
373,1.7041850780579972,0.21302313475724965,0.625,0.9544340029249649,2,0,0.0,5,0.625,0,0.0,3,0.375
374,2.3645634634290498,0.2955704329286312,0.875,0.5435644431995964,2,0,0.0,1,0.125,0,0.0,7,0.875
375,2.665662016720747,0.3332077520900934,0.75,1.061278124459133,3,1,0.125,6,0.75,0,0.0,1,0.125
376,1.9854740175665309,0.24818425219581636,0.875,0.5435644431995964,2,0,0.0,1,0.125,0,0.0,7,0.875
377,5.326127773291745,0.6657659716614681,0.75,1.061278124459133,3,1,0.125,6,0.75,0,0.0,1,0.125
378,1.572951068335189,0.19661888354189863,0.625,1.2987949406953985,3,5,0.625,1,0.125,0,0.0,2,0.25
379,1.5291173141407643,0.19113966426759554,0.75,0.8112781244591328,2,0,0.0,2,0.25,0,0.0,6,0.75
380,3.7083677384199554,0.4635459673024944,0.5,1.75,4,1,0.125,2,0.25,1,0.125,4,0.5
381,0.6780792779799205,0.08475990974749006,1.0,0.0,1,0,0.0,0,0.0,8,1.0,0,0.0
382,4.952783707835756,0.6190979634794695,0.5,1.75,4,1,0.125,2,0.25,4,0.5,1,0.125
383,4.227426856091657,0.5284283570114571,0.75,1.061278124459133,3,0,0.0,1,0.125,1,0.125,6,0.75
384,1.3155291210586784,0.1644411401323348,0.625,1.2987949406953985,3,0,0.0,2,0.25,1,0.125,5,0.625
385,3.6677512168440343,0.4584689021055043,0.75,1.061278124459133,3,0,0.0,1,0.125,6,0.75,1,0.125
386,5.284791320295808,0.660598915036976,0.875,0.5435644431995964,2,0,0.0,1,0.125,0,0.0,7,0.875
387,3.0169307391051126,0.37711634238813907,0.875,0.5435644431995964,2,0,0.0,7,0.875,0,0.0,1,0.125
388,3.69457689358284,0.461822111697855,0.875,0.5435644431995964,2,0,0.0,0,0.0,1,0.125,7,0.875
389,4.307251431502942,0.5384064289378677,0.75,1.061278124459133,3,1,0.125,0,0.0,6,0.75,1,0.125
390,4.613882629201551,0.5767353286501938,0.875,0.5435644431995964,2,1,0.125,0,0.0,0,0.0,7,0.875
391,4.343906463820467,0.5429883079775584,0.875,0.5435644431995964,2,7,0.875,1,0.125,0,0.0,0,0.0
392,3.7179641202069815,0.4647455150258727,0.875,0.5435644431995964,2,0,0.0,7,0.875,1,0.125,0,0.0
393,1.7865020098247533,0.22331275122809416,1.0,0.0,1,0,0.0,0,0.0,8,1.0,0,0.0
394,3.4555714555258485,0.43194643194073107,0.625,1.5487949406953985,4,1,0.125,1,0.125,5,0.625,1,0.125
395,4.929118359234512,0.616139794904314,0.875,0.5435644431995964,2,0,0.0,0,0.0,1,0.125,7,0.875
396,3.9584967267995728,0.4948120908499466,0.75,0.8112781244591328,2,0,0.0,0,0.0,6,0.75,2,0.25
397,2.6510426902491524,0.33138033628114405,0.875,0.5435644431995964,2,1,0.125,0,0.0,0,0.0,7,0.875
398,6.37946104818953,0.7974326310236912,0.75,1.061278124459133,3,1,0.125,0,0.0,1,0.125,6,0.75
399,6.558272354787683,0.8197840443484604,0.875,0.5435644431995964,2,0,0.0,0,0.0,7,0.875,1,0.125
400,2.825478221195257,0.35318477764940714,0.625,0.9544340029249649,2,0,0.0,0,0.0,3,0.375,5,0.625
401,2.760734811614948,0.3450918514518685,0.5,1.75,4,2,0.25,1,0.125,4,0.5,1,0.125
402,1.006675339215926,0.12583441740199075,1.0,0.0,1,0,0.0,0,0.0,0,0.0,8,1.0
403,10.899384498304627,1.3624230622880784,0.625,1.5487949406953985,4,1,0.125,1,0.125,1,0.125,5,0.625
404,2.8751100878059805,0.35938876097574757,0.625,1.2987949406953985,3,5,0.625,1,0.125,2,0.25,0,0.0
405,2.779607696613114,0.3474509620766392,0.625,1.2987949406953985,3,0,0.0,5,0.625,2,0.25,1,0.125
406,3.190798240500195,0.39884978006252436,0.875,0.5435644431995964,2,0,0.0,0,0.0,1,0.125,7,0.875
407,2.1472477245637975,0.2684059655704747,0.875,0.5435644431995964,2,0,0.0,1,0.125,7,0.875,0,0.0
408,7.386419741922995,0.9233024677403744,0.5,1.75,4,1,0.125,4,0.5,2,0.25,1,0.125
409,4.816731111899027,0.6020913889873784,0.5,1.4056390622295662,3,3,0.375,0,0.0,1,0.125,4,0.5
410,5.628274831383265,0.7035343539229081,0.75,1.061278124459133,3,0,0.0,1,0.125,6,0.75,1,0.125
411,5.733402601037428,0.7166753251296785,0.875,0.5435644431995964,2,0,0.0,0,0.0,1,0.125,7,0.875
412,3.492308746127758,0.4365385932659698,0.625,1.2987949406953985,3,2,0.25,0,0.0,5,0.625,1,0.125
413,2.1001000039354616,0.2625125004919327,0.875,0.5435644431995964,2,1,0.125,0,0.0,0,0.0,7,0.875
414,7.091631228881982,0.8864539036102478,0.75,1.061278124459133,3,6,0.75,0,0.0,1,0.125,1,0.125
415,4.069336529483459,0.5086670661854323,0.875,0.5435644431995964,2,0,0.0,0,0.0,1,0.125,7,0.875
416,5.915549277320414,0.7394436596650518,0.875,0.5435644431995964,2,0,0.0,0,0.0,7,0.875,1,0.125
417,4.500591206023897,0.5625739007529871,0.875,0.5435644431995964,2,0,0.0,0,0.0,1,0.125,7,0.875
418,4.779390942997429,0.5974238678746786,0.75,0.8112781244591328,2,0,0.0,0,0.0,6,0.75,2,0.25
419,0.011620114286863714,0.0014525142858579643,1.0,0.0,1,0,0.0,0,0.0,0,0.0,8,1.0
420,4.429285659690226,0.5536607074612783,0.25,2.0,4,2,0.25,2,0.25,2,0.25,2,0.25
421,5.484781215544117,0.6855976519430146,0.625,1.2987949406953985,3,5,0.625,0,0.0,1,0.125,2,0.25
422,5.8767911197644125,0.7345988899705516,0.75,0.8112781244591328,2,0,0.0,0,0.0,6,0.75,2,0.25
423,5.017049201677986,0.6271311502097483,0.75,1.061278124459133,3,0,0.0,1,0.125,1,0.125,6,0.75
424,5.691129680709631,0.7113912100887039,0.625,0.9544340029249649,2,0,0.0,5,0.625,3,0.375,0,0.0
425,3.8130038386867158,0.47662547983583947,0.625,0.9544340029249649,2,0,0.0,3,0.375,5,0.625,0,0.0
426,3.230149454324666,0.40376868179058323,0.75,1.061278124459133,3,0,0.0,1,0.125,6,0.75,1,0.125
427,4.916290028169527,0.6145362535211909,0.75,1.061278124459133,3,0,0.0,1,0.125,1,0.125,6,0.75
428,3.7243418904855057,0.4655427363106882,0.75,1.061278124459133,3,0,0.0,1,0.125,6,0.75,1,0.125
429,1.9533033800260207,0.24416292250325258,0.875,0.5435644431995964,2,0,0.0,1,0.125,0,0.0,7,0.875
430,9.880025201846815,1.2350031502308518,0.625,1.5487949406953985,4,1,0.125,5,0.625,1,0.125,1,0.125
431,2.7786442894771906,0.3473305361846488,0.75,0.8112781244591328,2,0,0.0,0,0.0,2,0.25,6,0.75
432,4.747055092012414,0.5933818865015518,0.75,1.061278124459133,3,0,0.0,1,0.125,6,0.75,1,0.125
433,4.877106783957361,0.6096383479946701,0.875,0.5435644431995964,2,0,0.0,7,0.875,0,0.0,1,0.125
434,3.586911787921372,0.4483639734901715,0.875,0.5435644431995964,2,0,0.0,1,0.125,0,0.0,7,0.875
435,4.813822213745467,0.6017277767181833,0.5,1.75,4,1,0.125,2,0.25,1,0.125,4,0.5
436,-0.38224395003284195,-0.047780493754105244,0.875,0.5435644431995964,2,0,0.0,1,0.125,7,0.875,0,0.0
437,3.0146311836258137,0.3768288979532267,0.875,0.5435644431995964,2,0,0.0,7,0.875,1,0.125,0,0.0
438,3.7699681673614793,0.4712460209201849,0.875,0.5435644431995964,2,0,0.0,1,0.125,7,0.875,0,0.0
439,-0.2285410514675419,-0.028567631433442736,1.0,0.0,1,0,0.0,8,1.0,0,0.0,0,0.0
440,5.279142106516518,0.6598927633145647,0.375,1.8112781244591325,4,3,0.375,1,0.125,1,0.125,3,0.375
441,5.75298040902393,0.7191225511279913,0.5,1.4056390622295662,3,0,0.0,4,0.5,1,0.125,3,0.375
442,7.051388914220688,0.881423614277586,0.625,1.2987949406953985,3,0,0.0,2,0.25,1,0.125,5,0.625
443,3.898184617675341,0.48727307720941765,0.75,1.061278124459133,3,1,0.125,0,0.0,6,0.75,1,0.125
444,0.365514520753425,0.045689315094178125,0.875,0.5435644431995964,2,7,0.875,1,0.125,0,0.0,0,0.0
445,1.5130429597657438,0.18913036997071797,0.5,1.5,3,2,0.25,0,0.0,2,0.25,4,0.5
446,1.1521104722391247,0.14401380902989058,1.0,0.0,1,0,0.0,0,0.0,8,1.0,0,0.0
447,3.525730203639109,0.4407162754548886,0.375,1.9056390622295662,4,3,0.375,2,0.25,2,0.25,1,0.125
448,8.11236824605819,1.0140460307572738,0.375,1.8112781244591327,4,1,0.125,3,0.375,3,0.375,1,0.125
449,0.06110336596135596,0.007637920745169495,0.875,0.5435644431995964,2,0,0.0,0,0.0,1,0.125,7,0.875
450,5.372509541495692,0.6715636926869615,0.5,1.5,3,2,0.25,2,0.25,0,0.0,4,0.5
451,1.8512470480673497,0.23140588100841872,1.0,0.0,1,0,0.0,8,1.0,0,0.0,0,0.0
452,3.7424669973389353,0.4678083746673669,0.375,1.9056390622295662,4,1,0.125,3,0.375,2,0.25,2,0.25
453,3.0328371952210365,0.37910464940262956,0.875,0.5435644431995964,2,7,0.875,0,0.0,1,0.125,0,0.0
454,0.9774726883165793,0.12218408603957241,0.875,0.5435644431995964,2,1,0.125,0,0.0,7,0.875,0,0.0
455,5.03825561587972,0.629781951984965,0.625,1.5487949406953985,4,1,0.125,1,0.125,5,0.625,1,0.125
456,3.1956499750627296,0.3994562468828412,0.75,1.061278124459133,3,1,0.125,1,0.125,0,0.0,6,0.75
457,3.298510966162868,0.4123138707703585,0.875,0.5435644431995964,2,1,0.125,7,0.875,0,0.0,0,0.0
458,2.97955108916901,0.3724438861461262,0.875,0.5435644431995964,2,7,0.875,0,0.0,0,0.0,1,0.125
459,2.465796163084539,0.30822452038556736,1.0,0.0,1,0,0.0,0,0.0,0,0.0,8,1.0
460,8.631200441453522,1.0789000551816903,0.625,1.5487949406953985,4,1,0.125,1,0.125,1,0.125,5,0.625
461,4.096306838287447,0.5120383547859308,0.75,1.061278124459133,3,1,0.125,6,0.75,0,0.0,1,0.125
462,2.14139011206831,0.26767376400853876,0.875,0.5435644431995964,2,1,0.125,0,0.0,0,0.0,7,0.875
463,6.516214437934281,0.8145268047417851,0.625,1.5487949406953985,4,5,0.625,1,0.125,1,0.125,1,0.125
464,3.1004961651100245,0.38756202063875306,0.875,0.5435644431995964,2,0,0.0,0,0.0,7,0.875,1,0.125
465,6.075883856905486,0.7594854821131858,0.75,1.061278124459133,3,0,0.0,1,0.125,1,0.125,6,0.75
466,4.104709680372501,0.5130887100465626,0.625,0.9544340029249649,2,0,0.0,3,0.375,5,0.625,0,0.0
467,2.3319243553571125,0.29149054441963906,0.625,1.2987949406953985,3,0,0.0,2,0.25,5,0.625,1,0.125
468,4.380505939538461,0.5475632424423076,0.875,0.5435644431995964,2,1,0.125,0,0.0,0,0.0,7,0.875
469,2.4850025862558853,0.31062532328198567,0.875,0.5435644431995964,2,7,0.875,0,0.0,0,0.0,1,0.125
470,0.43238643606415306,0.05404830450801913,1.0,0.0,1,0,0.0,0,0.0,0,0.0,8,1.0
471,7.201257590651527,0.9001571988314409,0.625,1.5487949406953985,4,1,0.125,1,0.125,1,0.125,5,0.625
472,0.8549618638095947,0.10687023297619934,1.0,0.0,1,0,0.0,8,1.0,0,0.0,0,0.0
473,0.8671959792775348,0.10839949740969185,0.375,1.9056390622295662,4,2,0.25,3,0.375,1,0.125,2,0.25
474,2.452037992715614,0.30650474908945174,1.0,0.0,1,0,0.0,0,0.0,0,0.0,8,1.0
475,3.2751595290729787,0.40939494113412234,0.625,1.5487949406953985,4,1,0.125,1,0.125,1,0.125,5,0.625
476,0.18989759416383925,0.023737199270479906,0.75,0.8112781244591328,2,6,0.75,0,0.0,0,0.0,2,0.25
477,-0.007744391206164214,-0.0009680489007705267,0.875,0.5435644431995964,2,1,0.125,0,0.0,0,0.0,7,0.875
478,8.582750388536954,1.0728437985671193,0.625,1.5487949406953985,4,1,0.125,1,0.125,1,0.125,5,0.625
479,2.7072028757153364,0.33840035946441704,0.625,0.9544340029249649,2,3,0.375,0,0.0,5,0.625,0,0.0
480,9.876812179347523,1.2346015224184403,0.75,1.061278124459133,3,0,0.0,1,0.125,6,0.75,1,0.125
481,5.147534811959229,0.6434418514949036,0.75,1.061278124459133,3,0,0.0,1,0.125,1,0.125,6,0.75
482,6.421743744297098,0.8027179680371372,0.625,1.2987949406953985,3,0,0.0,2,0.25,5,0.625,1,0.125
483,4.995549687633061,0.6244437109541326,0.625,0.9544340029249649,2,0,0.0,3,0.375,0,0.0,5,0.625
484,3.585818271417508,0.4482272839271885,0.875,0.5435644431995964,2,0,0.0,1,0.125,0,0.0,7,0.875
485,3.9970866141307884,0.49963582676634855,0.875,0.5435644431995964,2,0,0.0,7,0.875,0,0.0,1,0.125
486,1.4043994813688854,0.17554993517111067,0.875,0.5435644431995964,2,1,0.125,0,0.0,0,0.0,7,0.875
487,6.348583011772156,0.7935728764715195,0.75,1.061278124459133,3,0,0.0,1,0.125,1,0.125,6,0.75
488,1.1181150135137008,0.1397643766892126,0.5,1.75,4,1,0.125,1,0.125,4,0.5,2,0.25
489,4.430734844135773,0.5538418555169716,0.75,0.8112781244591328,2,0,0.0,0,0.0,2,0.25,6,0.75
490,0.5633103748136374,0.07041379685170468,1.0,0.0,1,0,0.0,0,0.0,8,1.0,0,0.0
491,3.4372028833754347,0.42965036042192933,0.375,1.9056390622295662,4,2,0.25,2,0.25,1,0.125,3,0.375
492,3.3024323262699298,0.4128040407837412,0.5,1.75,4,2,0.25,1,0.125,1,0.125,4,0.5
493,1.6419450456948996,0.20524313071186245,1.0,0.0,1,0,0.0,8,1.0,0,0.0,0,0.0
494,7.983533161428122,0.9979416451785152,0.375,1.9056390622295662,4,1,0.125,2,0.25,3,0.375,2,0.25
495,1.6638247104332442,0.20797808880415553,0.75,0.8112781244591328,2,6,0.75,0,0.0,0,0.0,2,0.25
496,2.825110567597334,0.35313882094966675,0.875,0.5435644431995964,2,0,0.0,0,0.0,1,0.125,7,0.875
497,3.012460745290313,0.3765575931612891,0.875,0.5435644431995964,2,0,0.0,0,0.0,7,0.875,1,0.125
498,4.119478068300213,0.5149347585375266,0.875,0.5435644431995964,2,0,0.0,0,0.0,1,0.125,7,0.875
499,3.5768765377144147,0.44710956721430184,0.875,0.5435644431995964,2,0,0.0,0,0.0,7,0.875,1,0.125
500,6.235025773247985,0.7793782216559981,0.75,1.061278124459133,3,1,0.125,0,0.0,1,0.125,6,0.75
501,3.715880078381839,0.4644850097977299,0.875,0.5435644431995964,2,1,0.125,0,0.0,7,0.875,0,0.0
502,3.92225485163472,0.49028185645434,0.625,1.5487949406953985,4,5,0.625,1,0.125,1,0.125,1,0.125
503,4.928122853137059,0.6160153566421324,0.875,0.5435644431995964,2,0,0.0,0,0.0,7,0.875,1,0.125
504,2.503632994186129,0.31295412427326613,0.875,0.5435644431995964,2,0,0.0,0,0.0,1,0.125,7,0.875
505,2.932313470833354,0.3665391838541692,0.75,0.8112781244591328,2,0,0.0,0,0.0,6,0.75,2,0.25
506,3.2373697927523652,0.40467122409404566,1.0,0.0,1,0,0.0,0,0.0,0,0.0,8,1.0
507,9.28295641801419,1.1603695522517739,0.75,1.061278124459133,3,0,0.0,1,0.125,1,0.125,6,0.75
508,2.1656007208168,0.2707000901021,0.875,0.5435644431995964,2,0,0.0,7,0.875,1,0.125,0,0.0
509,2.281989928540064,0.285248741067508,0.75,0.8112781244591328,2,0,0.0,0,0.0,6,0.75,2,0.25
510,6.686132655669731,0.8357665819587163,0.625,1.5487949406953985,4,1,0.125,1,0.125,1,0.125,5,0.625
511,4.178476360029483,0.5223095450036854,0.625,1.5487949406953985,4,1,0.125,5,0.625,1,0.125,1,0.125
512,3.5774874107171972,0.44718592633964965,0.875,0.5435644431995964,2,7,0.875,1,0.125,0,0.0,0,0.0
513,1.9848016540896865,0.2481002067612108,1.0,0.0,1,0,0.0,8,1.0,0,0.0,0,0.0
514,5.474810247742585,0.6843512809678232,0.375,1.9056390622295662,4,1,0.125,3,0.375,2,0.25,2,0.25
515,3.44840442733675,0.43105055341709375,0.875,0.5435644431995964,2,0,0.0,1,0.125,0,0.0,7,0.875
516,3.4734432336305074,0.43418040420381343,0.75,0.8112781244591328,2,0,0.0,6,0.75,0,0.0,2,0.25
517,1.5589988579869483,0.19487485724836853,1.0,0.0,1,0,0.0,0,0.0,0,0.0,8,1.0
518,8.330615004086026,1.0413268755107532,0.625,1.5487949406953985,4,1,0.125,1,0.125,1,0.125,5,0.625
519,2.3529453469980335,0.2941181683747542,0.875,0.5435644431995964,2,0,0.0,1,0.125,7,0.875,0,0.0
520,2.268118243744946,0.28351478046811823,0.875,0.5435644431995964,2,0,0.0,7,0.875,1,0.125,0,0.0
521,0.6605961385330402,0.08257451731663003,1.0,0.0,1,0,0.0,0,0.0,8,1.0,0,0.0
522,6.056336656919375,0.7570420821149219,0.375,1.8112781244591327,4,1,0.125,3,0.375,3,0.375,1,0.125
523,0.7396377257589852,0.09245471571987315,0.875,0.5435644431995964,2,0,0.0,0,0.0,1,0.125,7,0.875
524,3.9911361463615287,0.4988920182951911,0.625,1.2987949406953985,3,0,0.0,1,0.125,5,0.625,2,0.25
525,1.4432947867424775,0.18041184834280968,0.875,0.5435644431995964,2,0,0.0,7,0.875,0,0.0,1,0.125
526,6.200173409499249,0.7750216761874061,0.75,1.061278124459133,3,0,0.0,1,0.125,1,0.125,6,0.75
527,2.4068976815800283,0.30086221019750353,0.75,1.061278124459133,3,1,0.125,1,0.125,6,0.75,0,0.0
528,1.65181036055588,0.206476295069485,0.875,0.5435644431995964,2,0,0.0,7,0.875,1,0.125,0,0.0
529,1.9316456837033247,0.24145571046291558,0.875,0.5435644431995964,2,0,0.0,1,0.125,7,0.875,0,0.0
530,2.245294390491112,0.280661798811389,0.875,0.5435644431995964,2,0,0.0,0,0.0,7,0.875,1,0.125
531,2.316177043596961,0.2895221304496201,0.875,0.5435644431995964,2,1,0.125,0,0.0,0,0.0,7,0.875
532,4.060661194392432,0.507582649299054,0.375,1.9056390622295662,4,3,0.375,2,0.25,1,0.125,2,0.25
533,1.3169597104866413,0.16461996381083016,0.375,1.9056390622295662,4,2,0.25,1,0.125,2,0.25,3,0.375
534,3.979737154134366,0.4974671442667957,0.875,0.5435644431995964,2,0,0.0,0,0.0,1,0.125,7,0.875
535,5.290704151199081,0.6613380188998851,0.625,1.2987949406953985,3,0,0.0,2,0.25,5,0.625,1,0.125
536,2.6029353501335426,0.3253669187666928,1.0,0.0,1,0,0.0,0,0.0,0,0.0,8,1.0
537,2.751399907377626,0.34392498842220326,0.5,1.75,4,1,0.125,1,0.125,2,0.25,4,0.5
538,5.3329145290747455,0.6666143161343432,0.375,1.9056390622295662,4,3,0.375,2,0.25,2,0.25,1,0.125
539,3.946783878889454,0.49334798486118175,0.875,0.5435644431995964,2,0,0.0,1,0.125,0,0.0,7,0.875
540,3.66526988112463,0.45815873514057875,0.875,0.5435644431995964,2,0,0.0,7,0.875,1,0.125,0,0.0
541,2.563907522942294,0.32048844036778673,1.0,0.0,1,0,0.0,0,0.0,8,1.0,0,0.0
542,7.441740965087799,0.9302176206359749,0.625,1.5487949406953985,4,1,0.125,1,0.125,5,0.625,1,0.125
543,2.8015981581704845,0.35019976977131057,0.75,1.061278124459133,3,1,0.125,1,0.125,0,0.0,6,0.75
544,7.364820019060061,0.9206025023825076,0.625,1.2987949406953985,3,0,0.0,1,0.125,2,0.25,5,0.625
545,1.8652955023624664,0.2331619377953083,0.875,0.5435644431995964,2,0,0.0,7,0.875,1,0.125,0,0.0
546,0.02360909935305519,0.002951137419131899,0.625,1.2987949406953985,3,1,0.125,0,0.0,5,0.625,2,0.25
547,3.2991871932822985,0.4123983991602873,0.625,1.2987949406953985,3,0,0.0,1,0.125,2,0.25,5,0.625
548,6.368840974729729,0.7961051218412162,0.75,1.061278124459133,3,1,0.125,0,0.0,6,0.75,1,0.125
549,4.639753280300218,0.5799691600375273,0.75,0.8112781244591328,2,2,0.25,0,0.0,0,0.0,6,0.75
550,3.6413814022140536,0.4551726752767567,0.875,0.5435644431995964,2,7,0.875,0,0.0,0,0.0,1,0.125
551,4.258083561063337,0.5322604451329171,0.875,0.5435644431995964,2,0,0.0,0,0.0,1,0.125,7,0.875
552,3.810671936358662,0.47633399204483273,0.875,0.5435644431995964,2,0,0.0,0,0.0,7,0.875,1,0.125
553,1.2039653844441351,0.1504956730555169,1.0,0.0,1,0,0.0,0,0.0,0,0.0,8,1.0
554,2.7932417619104766,0.34915522023880957,0.5,1.75,4,1,0.125,1,0.125,2,0.25,4,0.5
555,4.433823222613178,0.5542279028266472,0.875,0.5435644431995964,2,0,0.0,0,0.0,7,0.875,1,0.125
556,2.3213241077276074,0.29016551346595093,1.0,0.0,1,0,0.0,0,0.0,0,0.0,8,1.0
557,5.042254324908592,0.630281790613574,0.75,1.061278124459133,3,0,0.0,1,0.125,1,0.125,6,0.75
558,3.5100210624252464,0.4387526328031558,0.875,0.5435644431995964,2,0,0.0,1,0.125,7,0.875,0,0.0
559,2.986058037924079,0.37325725474050986,0.75,0.8112781244591328,2,0,0.0,6,0.75,2,0.25,0,0.0
560,1.9382534834424656,0.2422816854303082,1.0,0.0,1,0,0.0,0,0.0,8,1.0,0,0.0
561,6.375136555105486,0.7968920693881858,0.625,1.5487949406953985,4,1,0.125,1,0.125,5,0.625,1,0.125
562,5.019587788107956,0.6274484735134945,0.625,1.2987949406953985,3,0,0.0,2,0.25,1,0.125,5,0.625
563,1.4139806928240966,0.17674758660301207,0.875,0.5435644431995964,2,0,0.0,1,0.125,7,0.875,0,0.0
564,5.701761197977326,0.7127201497471658,0.5,1.75,4,1,0.125,2,0.25,4,0.5,1,0.125
565,4.702335805384378,0.5877919756730472,0.375,1.5612781244591325,3,0,0.0,2,0.25,3,0.375,3,0.375
566,5.3688079237309765,0.6711009904663721,0.75,1.061278124459133,3,0,0.0,6,0.75,1,0.125,1,0.125
567,3.978148836383685,0.4972686045479606,0.875,0.5435644431995964,2,0,0.0,0,0.0,7,0.875,1,0.125
568,5.9357277309559375,0.7419659663694922,0.875,0.5435644431995964,2,0,0.0,0,0.0,1,0.125,7,0.875
569,4.5711863352313244,0.5713982919039156,0.75,1.061278124459133,3,1,0.125,0,0.0,6,0.75,1,0.125
570,5.652492349508675,0.7065615436885844,0.625,0.9544340029249649,2,3,0.375,0,0.0,0,0.0,5,0.625
571,4.468135089047855,0.5585168861309818,0.875,0.5435644431995964,2,1,0.125,0,0.0,0,0.0,7,0.875
572,5.497918106397307,0.6872397632996634,0.625,1.2987949406953985,3,5,0.625,1,0.125,0,0.0,2,0.25
573,4.180235023970685,0.5225293779963356,0.875,0.5435644431995964,2,0,0.0,7,0.875,0,0.0,1,0.125
574,2.595711260254748,0.3244639075318435,0.875,0.5435644431995964,2,0,0.0,0,0.0,1,0.125,7,0.875
575,0.24245927004500323,0.030307408755625403,1.0,0.0,1,0,0.0,0,0.0,8,1.0,0,0.0
576,5.1546517008742985,0.6443314626092873,0.375,1.9056390622295662,4,2,0.25,2,0.25,3,0.375,1,0.125
577,2.8415702084555132,0.35519627605693915,1.0,0.0,1,0,0.0,8,1.0,0,0.0,0,0.0
578,1.8020586295425083,0.22525732869281354,0.5,1.75,4,1,0.125,4,0.5,2,0.25,1,0.125
579,1.585370373897672,0.198171296737209,1.0,0.0,1,0,0.0,0,0.0,0,0.0,8,1.0
580,1.0758214921620022,0.13447768652025027,0.625,1.5487949406953985,4,1,0.125,1,0.125,1,0.125,5,0.625
581,4.0232580550749795,0.5029072568843724,0.875,0.5435644431995964,2,0,0.0,1,0.125,7,0.875,0,0.0
582,3.988777057800807,0.4985971322251009,0.75,1.061278124459133,3,0,0.0,1,0.125,6,0.75,1,0.125
583,3.1848544101393497,0.3981068012674187,0.875,0.5435644431995964,2,1,0.125,7,0.875,0,0.0,0,0.0
584,1.8638445618228459,0.23298057022785573,0.875,0.5435644431995964,2,7,0.875,0,0.0,0,0.0,1,0.125
585,1.6211270413091745,0.2026408801636468,0.875,0.5435644431995964,2,1,0.125,0,0.0,0,0.0,7,0.875
586,5.838532551835055,0.7298165689793819,0.5,1.75,4,4,0.5,2,0.25,1,0.125,1,0.125
587,4.085307291221005,0.5106634114026256,0.75,0.8112781244591328,2,0,0.0,0,0.0,2,0.25,6,0.75
588,5.621352967272564,0.7026691209090705,0.875,0.5435644431995964,2,0,0.0,0,0.0,7,0.875,1,0.125
589,2.1709375928940933,0.27136719911176166,1.0,0.0,1,0,0.0,0,0.0,0,0.0,8,1.0
590,6.814536318393873,0.8518170397992342,0.75,1.061278124459133,3,0,0.0,1,0.125,1,0.125,6,0.75
591,1.0993711613663828,0.13742139517079785,0.75,1.061278124459133,3,1,0.125,1,0.125,6,0.75,0,0.0
592,2.0366212447414442,0.25457765559268053,0.75,1.061278124459133,3,0,0.0,1,0.125,6,0.75,1,0.125
593,5.774718215206989,0.7218397769008736,0.625,1.2987949406953985,3,0,0.0,2,0.25,5,0.625,1,0.125
594,2.4586225375181656,0.3073278171897707,0.75,0.8112781244591328,2,2,0.25,0,0.0,0,0.0,6,0.75
595,3.0447285739031074,0.3805910717378884,0.75,1.061278124459133,3,6,0.75,0,0.0,1,0.125,1,0.125
596,0.7251604887172122,0.09064506108965152,1.0,0.0,1,0,0.0,0,0.0,8,1.0,0,0.0
597,1.2552735632434295,0.1569091954054287,0.375,1.9056390622295662,4,1,0.125,2,0.25,2,0.25,3,0.375
598,1.3160553517956273,0.1645069189744534,0.75,0.8112781244591328,2,6,0.75,0,0.0,2,0.25,0,0.0
599,2.313635546343717,0.28920444329296463,1.0,0.0,1,0,0.0,0,0.0,8,1.0,0,0.0
600,2.15300921636828,0.269126152046035,0.625,1.5487949406953985,4,1,0.125,1,0.125,5,0.625,1,0.125
601,2.5658469212155177,0.3207308651519397,0.875,0.5435644431995964,2,0,0.0,0,0.0,1,0.125,7,0.875
602,3.2755336775793906,0.40944170969742383,0.75,1.061278124459133,3,0,0.0,1,0.125,6,0.75,1,0.125
603,3.954133327634184,0.494266665954273,0.75,1.061278124459133,3,1,0.125,6,0.75,0,0.0,1,0.125
604,3.841016309763489,0.4801270387204361,0.75,1.061278124459133,3,1,0.125,1,0.125,0,0.0,6,0.75
605,3.12452940843653,0.3905661760545662,0.5,1.75,4,2,0.25,4,0.5,1,0.125,1,0.125
606,2.674283240685783,0.33428540508572285,0.875,0.5435644431995964,2,0,0.0,0,0.0,1,0.125,7,0.875
607,4.510506631587967,0.5638133289484959,0.75,1.061278124459133,3,0,0.0,1,0.125,1,0.125,6,0.75
608,3.1666395296710617,0.3958299412088827,0.75,1.061278124459133,3,0,0.0,6,0.75,1,0.125,1,0.125
609,3.2097566672225897,0.4012195834028237,0.875,0.5435644431995964,2,0,0.0,1,0.125,7,0.875,0,0.0
610,1.9547561979591093,0.24434452474488866,0.875,0.5435644431995964,2,1,0.125,7,0.875,0,0.0,0,0.0
611,9.788514873637794,1.2235643592047243,0.375,1.9056390622295662,4,2,0.25,2,0.25,3,0.375,1,0.125
612,2.8250408709699903,0.3531301088712488,0.75,1.061278124459133,3,0,0.0,1,0.125,1,0.125,6,0.75
613,4.480204708602507,0.5600255885753134,0.625,1.2987949406953985,3,0,0.0,5,0.625,2,0.25,1,0.125
614,2.92924325415314,0.3661554067691425,0.875,0.5435644431995964,2,0,0.0,1,0.125,0,0.0,7,0.875
615,2.77893959900347,0.3473674498754338,0.875,0.5435644431995964,2,0,0.0,7,0.875,1,0.125,0,0.0
616,0.9868632229355134,0.12335790286693918,0.875,0.5435644431995964,2,0,0.0,1,0.125,7,0.875,0,0.0
617,3.7651429421579587,0.47064286776974484,0.375,1.8112781244591327,4,1,0.125,3,0.375,3,0.375,1,0.125
618,4.133461806810768,0.516682725851346,0.75,1.061278124459133,3,6,0.75,1,0.125,0,0.0,1,0.125
619,-0.18452961177512178,-0.023066201471890223,0.875,0.5435644431995964,2,0,0.0,7,0.875,0,0.0,1,0.125
620,5.182803846923495,0.6478504808654368,0.875,0.5435644431995964,2,1,0.125,0,0.0,0,0.0,7,0.875
621,3.3781091147140465,0.4222636393392558,0.75,1.061278124459133,3,6,0.75,0,0.0,1,0.125,1,0.125
622,3.0386290139359935,0.3798286267419992,0.875,0.5435644431995964,2,0,0.0,0,0.0,7,0.875,1,0.125
623,4.627343393856721,0.5784179242320902,0.75,1.061278124459133,3,0,0.0,1,0.125,1,0.125,6,0.75
624,3.1584083674677674,0.39480104593347093,0.75,0.8112781244591328,2,0,0.0,6,0.75,2,0.25,0,0.0
625,2.1808097760908036,0.27260122201135045,1.0,0.0,1,0,0.0,0,0.0,8,1.0,0,0.0
626,4.386807934455784,0.548350991806973,0.625,1.2987949406953985,3,0,0.0,1,0.125,5,0.625,2,0.25
627,1.6545277203756439,0.20681596504695549,1.0,0.0,1,0,0.0,8,1.0,0,0.0,0,0.0
628,8.279122594267733,1.0348903242834666,0.375,1.8112781244591325,4,1,0.125,3,0.375,1,0.125,3,0.375
629,3.8054761549523395,0.47568451936904244,0.875,0.5435644431995964,2,0,0.0,0,0.0,7,0.875,1,0.125
630,2.108222015990789,0.26352775199884865,0.75,1.061278124459133,3,1,0.125,0,0.0,1,0.125,6,0.75
631,1.8988408904143648,0.2373551113017956,0.375,1.9056390622295662,4,3,0.375,2,0.25,1,0.125,2,0.25
632,0.20318696326534139,0.025398370408167673,0.875,0.5435644431995964,2,0,0.0,0,0.0,7,0.875,1,0.125
633,4.640851503403148,0.5801064379253935,0.75,1.061278124459133,3,0,0.0,1,0.125,1,0.125,6,0.75
634,1.6554130235628965,0.20692662794536207,0.875,0.5435644431995964,2,0,0.0,1,0.125,7,0.875,0,0.0
635,8.465192302693968,1.058149037836746,0.375,1.8112781244591327,4,1,0.125,3,0.375,3,0.375,1,0.125
636,2.0967238805414934,0.2620904850676867,1.0,0.0,1,0,0.0,0,0.0,8,1.0,0,0.0
637,4.385200653603953,0.5481500817004942,0.5,1.75,4,1,0.125,1,0.125,4,0.5,2,0.25
638,-0.7824119230740826,-0.09780149038426032,1.0,0.0,1,8,1.0,0,0.0,0,0.0,0,0.0
639,4.481507843696872,0.560188480462109,0.375,1.9056390622295662,4,2,0.25,3,0.375,2,0.25,1,0.125
640,6.152043962834963,0.7690054953543703,0.75,1.061278124459133,3,0,0.0,1,0.125,6,0.75,1,0.125
641,2.5484646309794683,0.31855807887243354,0.875,0.5435644431995964,2,0,0.0,1,0.125,0,0.0,7,0.875
642,2.292921494920618,0.28661518686507725,0.875,0.5435644431995964,2,0,0.0,0,0.0,1,0.125,7,0.875
643,0.7673869389236713,0.09592336736545891,1.0,0.0,1,0,0.0,0,0.0,8,1.0,0,0.0
644,6.963903430788781,0.8704879288485976,0.5,1.75,4,1,0.125,2,0.25,4,0.5,1,0.125
645,3.940261763911084,0.4925327204888855,0.75,0.8112781244591328,2,0,0.0,6,0.75,0,0.0,2,0.25
646,2.121868828199584,0.265233603524948,0.75,1.061278124459133,3,1,0.125,1,0.125,0,0.0,6,0.75
647,2.799021431313968,0.349877678914246,0.75,0.8112781244591328,2,0,0.0,6,0.75,0,0.0,2,0.25
648,3.4332370245992023,0.4291546280749003,0.875,0.5435644431995964,2,0,0.0,0,0.0,1,0.125,7,0.875
649,2.846422572608803,0.3558028215761004,0.875,0.5435644431995964,2,0,0.0,0,0.0,7,0.875,1,0.125
650,1.849525085544238,0.23119063569302975,1.0,0.0,1,0,0.0,0,0.0,0,0.0,8,1.0
651,-0.24193714685609669,-0.030242143357012086,0.625,1.5487949406953985,4,1,0.125,1,0.125,1,0.125,5,0.625
652,3.7605628041695507,0.47007035052119384,0.5,1.4056390622295662,3,0,0.0,3,0.375,4,0.5,1,0.125
653,2.2572898888707993,0.2821612361088499,1.0,0.0,1,0,0.0,0,0.0,0,0.0,8,1.0
654,5.305057449946702,0.6631321812433377,0.75,1.061278124459133,3,1,0.125,0,0.0,1,0.125,6,0.75
655,5.995745418419453,0.7494681773024316,0.875,0.5435644431995964,2,0,0.0,0,0.0,7,0.875,1,0.125
656,2.013980033044859,0.25174750413060737,0.75,1.061278124459133,3,0,0.0,1,0.125,1,0.125,6,0.75
657,3.6122444294966765,0.45153055368708456,0.875,0.5435644431995964,2,0,0.0,1,0.125,7,0.875,0,0.0
658,3.8969645926984415,0.4871205740873052,0.75,1.061278124459133,3,0,0.0,6,0.75,1,0.125,1,0.125
659,3.859809215033451,0.48247615187918136,0.625,1.2987949406953985,3,1,0.125,0,0.0,2,0.25,5,0.625
660,3.80786118459397,0.47598264807424623,0.375,1.5612781244591325,3,3,0.375,2,0.25,3,0.375,0,0.0
661,7.8316246863234955,0.9789530857904369,0.375,1.9056390622295662,4,2,0.25,2,0.25,3,0.375,1,0.125
662,2.8558558855989693,0.35698198569987116,0.875,0.5435644431995964,2,1,0.125,0,0.0,0,0.0,7,0.875
663,3.1703472641750334,0.3962934080218792,0.875,0.5435644431995964,2,7,0.875,0,0.0,0,0.0,1,0.125
664,1.8368478266021209,0.2296059783252651,1.0,0.0,1,0,0.0,0,0.0,0,0.0,8,1.0
665,5.964101127586083,0.7455126409482604,0.75,1.061278124459133,3,0,0.0,1,0.125,1,0.125,6,0.75
666,1.3620529878260745,0.17025662347825932,0.875,0.5435644431995964,2,0,0.0,7,0.875,1,0.125,0,0.0
667,2.3876691790779327,0.2984586473847416,0.75,1.061278124459133,3,0,0.0,1,0.125,6,0.75,1,0.125
668,2.826916978080223,0.35336462226002785,0.75,0.8112781244591328,2,2,0.25,0,0.0,0,0.0,6,0.75
669,4.015648587422086,0.5019560734277607,0.625,1.5487949406953985,4,1,0.125,1,0.125,1,0.125,5,0.625
670,1.6198190203447835,0.20247737754309794,1.0,0.0,1,0,0.0,0,0.0,0,0.0,8,1.0
671,6.981165791446604,0.8726457239308255,0.625,1.5487949406953985,4,1,0.125,1,0.125,1,0.125,5,0.625
672,7.6283918451808095,0.9535489806476012,0.75,1.061278124459133,3,1,0.125,0,0.0,6,0.75,1,0.125
673,4.737374295316717,0.5921717869145896,0.875,0.5435644431995964,2,1,0.125,0,0.0,0,0.0,7,0.875
674,6.5111897412388835,0.8138987176548604,0.375,1.8112781244591325,4,3,0.375,1,0.125,1,0.125,3,0.375
675,2.8718798510107284,0.35898498137634105,0.875,0.5435644431995964,2,0,0.0,0,0.0,7,0.875,1,0.125
676,6.185892112931319,0.7732365141164149,0.625,1.5487949406953985,4,1,0.125,1,0.125,5,0.625,1,0.125
677,2.2198747106374355,0.27748433882967943,0.75,0.8112781244591328,2,0,0.0,6,0.75,0,0.0,2,0.25
678,-0.13286529827285132,-0.016608162284106415,0.75,0.8112781244591328,2,2,0.25,0,0.0,0,0.0,6,0.75
679,9.343929149070872,1.167991143633859,0.625,1.2987949406953985,3,0,0.0,1,0.125,2,0.25,5,0.625
680,1.4960318542599882,0.18700398178249852,0.875,0.5435644431995964,2,0,0.0,1,0.125,7,0.875,0,0.0
681,2.6023799925936375,0.3252974990742047,0.875,0.5435644431995964,2,0,0.0,7,0.875,0,0.0,1,0.125
682,2.246008487627572,0.2807510609534465,0.875,0.5435644431995964,2,0,0.0,1,0.125,0,0.0,7,0.875
683,3.773048055579941,0.4716310069474926,0.625,1.2987949406953985,3,0,0.0,1,0.125,2,0.25,5,0.625
684,2.385956800673052,0.2982446000841315,0.875,0.5435644431995964,2,0,0.0,7,0.875,0,0.0,1,0.125
685,2.666401413821095,0.3333001767276369,0.75,0.8112781244591328,2,0,0.0,2,0.25,0,0.0,6,0.75
686,5.597446586939288,0.699680823367411,0.625,1.2987949406953985,3,0,0.0,5,0.625,1,0.125,2,0.25
687,6.523414850324629,0.8154268562905786,0.625,1.2987949406953985,3,1,0.125,0,0.0,2,0.25,5,0.625
688,4.398545797975831,0.5498182247469788,0.75,0.8112781244591328,2,6,0.75,0,0.0,0,0.0,2,0.25
689,1.111315724349781,0.13891446554372264,1.0,0.0,1,0,0.0,0,0.0,0,0.0,8,1.0
690,5.898112194679431,0.7372640243349289,0.375,1.9056390622295662,4,1,0.125,2,0.25,3,0.375,2,0.25
691,3.1217643570215485,0.39022054462769357,0.375,1.5612781244591327,3,3,0.375,3,0.375,2,0.25,0,0.0
692,1.6302494515466206,0.20378118144332757,0.5,1.75,4,1,0.125,2,0.25,4,0.5,1,0.125
693,1.6017339631284522,0.20021674539105652,0.875,0.5435644431995964,2,1,0.125,0,0.0,0,0.0,7,0.875
694,7.364743707771602,0.9205929634714503,0.5,1.75,4,1,0.125,2,0.25,1,0.125,4,0.5
695,2.8270361439134617,0.3533795179891827,0.875,0.5435644431995964,2,0,0.0,1,0.125,7,0.875,0,0.0
696,2.4607952073028256,0.3075994009128532,0.625,0.9544340029249649,2,0,0.0,5,0.625,3,0.375,0,0.0
697,7.331982154859192,0.916497769357399,0.5,1.75,4,1,0.125,2,0.25,4,0.5,1,0.125
698,1.6773311035862035,0.20966638794827544,0.75,1.061278124459133,3,1,0.125,0,0.0,1,0.125,6,0.75
699,6.852682164331215,0.8565852705414019,0.625,1.5487949406953985,4,1,0.125,1,0.125,1,0.125,5,0.625
700,3.7309493219843293,0.46636866524804116,0.875,0.5435644431995964,2,1,0.125,0,0.0,7,0.875,0,0.0
701,2.488015762518,0.31100197031475,0.75,0.8112781244591328,2,6,0.75,0,0.0,2,0.25,0,0.0
702,1.7164758673793439,0.21455948342241798,1.0,0.0,1,0,0.0,0,0.0,8,1.0,0,0.0
703,5.867660753154822,0.7334575941443527,0.625,1.5487949406953985,4,1,0.125,1,0.125,5,0.625,1,0.125
704,1.8322965795734851,0.22903707244668564,0.75,0.8112781244591328,2,0,0.0,2,0.25,0,0.0,6,0.75
705,5.175450552538899,0.6469313190673623,0.625,1.5487949406953985,4,1,0.125,1,0.125,1,0.125,5,0.625
706,4.376413929664624,0.547051741208078,0.875,0.5435644431995964,2,0,0.0,0,0.0,7,0.875,1,0.125
707,2.000461759730668,0.2500577199663335,0.75,1.061278124459133,3,1,0.125,0,0.0,1,0.125,6,0.75
708,5.626470708477809,0.7033088385597261,0.875,0.5435644431995964,2,0,0.0,0,0.0,7,0.875,1,0.125
709,1.9680713181694622,0.24600891477118278,1.0,0.0,1,0,0.0,0,0.0,0,0.0,8,1.0
710,8.0449353664745,1.0056169208093124,0.625,1.5487949406953985,4,1,0.125,1,0.125,1,0.125,5,0.625
711,4.425741647342381,0.5532177059177976,0.75,0.8112781244591328,2,2,0.25,0,0.0,6,0.75,0,0.0
712,0.6064750643238773,0.07580938304048467,1.0,0.0,1,8,1.0,0,0.0,0,0.0,0,0.0
713,5.175388188214164,0.6469235235267705,0.375,1.8112781244591325,4,3,0.375,1,0.125,1,0.125,3,0.375
714,-1.6024576618415498,-0.20030720773019373,0.75,0.8112781244591328,2,2,0.25,0,0.0,0,0.0,6,0.75
715,7.056272006958453,0.8820340008698067,0.625,1.2987949406953985,3,1,0.125,2,0.25,5,0.625,0,0.0
716,2.7665562028724233,0.3458195253590529,0.75,1.061278124459133,3,1,0.125,6,0.75,1,0.125,0,0.0
717,1.9397144919497484,0.24246431149371855,0.75,1.061278124459133,3,1,0.125,1,0.125,6,0.75,0,0.0
718,6.1264681112711,0.7658085139088875,0.75,1.061278124459133,3,1,0.125,6,0.75,1,0.125,0,0.0
719,1.8297018727805905,0.2287127340975738,0.625,0.9544340029249649,2,5,0.625,0,0.0,3,0.375,0,0.0
720,4.673886668507297,0.5842358335634121,0.375,1.9056390622295662,4,2,0.25,2,0.25,1,0.125,3,0.375
721,5.007355170380019,0.6259193962975024,0.5,1.75,4,1,0.125,2,0.25,4,0.5,1,0.125
722,3.7484542503938005,0.46855678129922507,0.875,0.5435644431995964,2,0,0.0,0,0.0,1,0.125,7,0.875
723,3.8955954031423565,0.48694942539279457,0.75,0.8112781244591328,2,0,0.0,0,0.0,6,0.75,2,0.25
724,5.910030741430825,0.7387538426788531,0.75,1.061278124459133,3,0,0.0,1,0.125,1,0.125,6,0.75
725,2.098846578812044,0.2623558223515055,0.875,0.5435644431995964,2,0,0.0,1,0.125,7,0.875,0,0.0
726,2.147572846598353,0.2684466058247941,0.875,0.5435644431995964,2,0,0.0,7,0.875,0,0.0,1,0.125
727,2.18854822089296,0.27356852761162,1.0,0.0,1,0,0.0,0,0.0,0,0.0,8,1.0
728,4.421085086144064,0.552635635768008,0.5,1.75,4,1,0.125,1,0.125,2,0.25,4,0.5
729,-0.14882265634045555,-0.018602832042556944,0.75,0.8112781244591328,2,0,0.0,2,0.25,6,0.75,0,0.0
730,5.6580099052774635,0.7072512381596829,0.375,1.9056390622295662,4,1,0.125,3,0.375,2,0.25,2,0.25
731,2.5125579884995353,0.3140697485624419,0.75,1.061278124459133,3,6,0.75,1,0.125,0,0.0,1,0.125
732,5.2793086089754,0.659913576121925,0.75,1.061278124459133,3,1,0.125,1,0.125,0,0.0,6,0.75
733,1.2279658732754322,0.15349573415942902,0.625,0.9544340029249649,2,5,0.625,0,0.0,0,0.0,3,0.375
734,3.2482497523361613,0.40603121904202016,0.625,1.2987949406953985,3,0,0.0,1,0.125,2,0.25,5,0.625
735,4.075432243060166,0.5094290303825207,0.75,1.061278124459133,3,0,0.0,6,0.75,1,0.125,1,0.125
736,1.4040767845633662,0.17550959807042077,0.875,0.5435644431995964,2,0,0.0,0,0.0,1,0.125,7,0.875
737,5.5882402536965,0.6985300317120625,0.625,1.5487949406953985,4,1,0.125,1,0.125,5,0.625,1,0.125
738,0.4682562849661031,0.05853203562076289,0.75,1.061278124459133,3,0,0.0,1,0.125,1,0.125,6,0.75
739,4.193643999162617,0.5242054998953272,0.875,0.5435644431995964,2,0,0.0,1,0.125,0,0.0,7,0.875
740,2.93561959621757,0.36695244952719624,0.875,0.5435644431995964,2,1,0.125,7,0.875,0,0.0,0,0.0
741,4.901191867652533,0.6126489834565666,0.75,1.061278124459133,3,6,0.75,1,0.125,0,0.0,1,0.125
742,5.432378847226183,0.6790473559032729,0.625,1.2987949406953985,3,0,0.0,2,0.25,1,0.125,5,0.625
743,4.826460729830727,0.6033075912288409,0.625,1.5487949406953985,4,1,0.125,1,0.125,5,0.625,1,0.125
744,0.6187703733741036,0.07734629667176295,0.625,0.9544340029249649,2,0,0.0,3,0.375,0,0.0,5,0.625
745,5.315408483832069,0.6644260604790087,0.375,1.8112781244591325,4,1,0.125,1,0.125,3,0.375,3,0.375
746,4.625099524676266,0.5781374405845332,0.875,0.5435644431995964,2,7,0.875,1,0.125,0,0.0,0,0.0
747,2.8485284133184017,0.3560660516648002,0.75,1.061278124459133,3,1,0.125,6,0.75,0,0.0,1,0.125
748,7.306171992422524,0.9132714990528155,0.375,1.8112781244591327,4,3,0.375,1,0.125,3,0.375,1,0.125
749,7.712558214780126,0.9640697768475157,0.75,1.061278124459133,3,0,0.0,1,0.125,1,0.125,6,0.75
750,3.3015510183496937,0.4126938772937117,0.5,1.0,2,0,0.0,4,0.5,4,0.5,0,0.0
751,4.903466570420798,0.6129333213025997,0.625,1.2987949406953985,3,0,0.0,1,0.125,5,0.625,2,0.25
752,2.868957428713885,0.3586196785892356,0.875,0.5435644431995964,2,0,0.0,7,0.875,0,0.0,1,0.125
753,2.258247665298754,0.2822809581623443,0.875,0.5435644431995964,2,0,0.0,1,0.125,0,0.0,7,0.875
754,2.5996478362465005,0.32495597953081257,0.5,1.5,3,0,0.0,2,0.25,2,0.25,4,0.5
755,3.540555880789382,0.4425694850986728,0.625,1.5487949406953985,4,1,0.125,1,0.125,5,0.625,1,0.125
756,2.842762401872847,0.3553453002341059,0.875,0.5435644431995964,2,0,0.0,1,0.125,0,0.0,7,0.875
757,0.722350238544552,0.090293779818069,0.5,1.5,3,0,0.0,4,0.5,2,0.25,2,0.25
758,9.08743685749505,1.1359296071868812,0.5,1.75,4,1,0.125,1,0.125,2,0.25,4,0.5
759,5.877388031782172,0.7346735039727715,0.625,0.9544340029249649,2,5,0.625,0,0.0,3,0.375,0,0.0
760,2.94139124252478,0.3676739053155975,0.875,0.5435644431995964,2,1,0.125,0,0.0,7,0.875,0,0.0
761,0.4464599395112016,0.0558074924389002,1.0,0.0,1,8,1.0,0,0.0,0,0.0,0,0.0
762,2.6398720953697046,0.32998401192121307,0.25,2.0,4,2,0.25,2,0.25,2,0.25,2,0.25
763,6.460385172668136,0.807548146583517,0.75,1.061278124459133,3,0,0.0,1,0.125,1,0.125,6,0.75
764,2.248497067387826,0.28106213342347824,0.75,0.8112781244591328,2,0,0.0,2,0.25,6,0.75,0,0.0
765,0.7715233961145713,0.09644042451432142,0.5,1.4056390622295662,3,0,0.0,4,0.5,3,0.375,1,0.125
766,5.014947510921587,0.6268684388651984,0.875,0.5435644431995964,2,0,0.0,0,0.0,1,0.125,7,0.875
767,2.3200410373141986,0.29000512966427483,0.625,1.2987949406953985,3,0,0.0,1,0.125,5,0.625,2,0.25
768,5.393314816685232,0.674164352085654,0.625,1.2987949406953985,3,0,0.0,1,0.125,2,0.25,5,0.625
769,3.8513617770624657,0.4814202221328082,0.5,1.4056390622295662,3,1,0.125,4,0.5,3,0.375,0,0.0
770,1.079111510888787,0.13488893886109837,0.875,0.5435644431995964,2,7,0.875,0,0.0,1,0.125,0,0.0
771,1.1367534122338634,0.14209417652923292,0.75,1.061278124459133,3,0,0.0,1,0.125,6,0.75,1,0.125
772,4.96083557460714,0.6201044468258925,0.625,1.5487949406953985,4,1,0.125,1,0.125,5,0.625,1,0.125
773,2.3070888191699472,0.2883861023962434,0.875,0.5435644431995964,2,7,0.875,0,0.0,0,0.0,1,0.125
774,5.525210986213498,0.6906513732766872,0.75,1.061278124459133,3,1,0.125,0,0.0,1,0.125,6,0.75
775,2.1892243589182776,0.2736530448647847,0.75,0.8112781244591328,2,6,0.75,0,0.0,2,0.25,0,0.0
776,2.2861859962850306,0.2857732495356288,1.0,0.0,1,0,0.0,0,0.0,8,1.0,0,0.0
777,5.920344702115611,0.7400430877644514,0.625,1.5487949406953985,4,1,0.125,1,0.125,5,0.625,1,0.125
778,1.9807187116368425,0.24758983895460532,0.875,0.5435644431995964,2,7,0.875,1,0.125,0,0.0,0,0.0
779,6.318200436168212,0.7897750545210265,0.5,1.75,4,2,0.25,4,0.5,1,0.125,1,0.125
780,4.920722979587098,0.6150903724483873,0.875,0.5435644431995964,2,0,0.0,0,0.0,1,0.125,7,0.875
781,4.655601032350764,0.5819501290438455,0.75,0.8112781244591328,2,0,0.0,0,0.0,6,0.75,2,0.25
782,3.6394618439242636,0.45493273049053295,0.875,0.5435644431995964,2,0,0.0,0,0.0,1,0.125,7,0.875
783,3.7644862732721824,0.4705607841590228,0.875,0.5435644431995964,2,0,0.0,0,0.0,7,0.875,1,0.125
784,5.542489359842088,0.692811169980261,0.75,0.8112781244591328,2,0,0.0,2,0.25,0,0.0,6,0.75
785,6.090380680908487,0.7612975851135608,0.625,1.2987949406953985,3,0,0.0,2,0.25,1,0.125,5,0.625
786,2.2739243287912863,0.2842405410989108,0.875,0.5435644431995964,2,0,0.0,0,0.0,7,0.875,1,0.125
787,1.719066745650084,0.2148833432062605,1.0,0.0,1,0,0.0,0,0.0,0,0.0,8,1.0
788,4.707334544614902,0.5884168180768627,0.75,1.061278124459133,3,0,0.0,1,0.125,1,0.125,6,0.75
789,3.3054742602624794,0.4131842825328099,0.875,0.5435644431995964,2,0,0.0,1,0.125,7,0.875,0,0.0
790,5.084993928372983,0.6356242410466229,0.875,0.5435644431995964,2,0,0.0,7,0.875,1,0.125,0,0.0
791,0.9194616368433757,0.11493270460542196,1.0,0.0,1,0,0.0,0,0.0,8,1.0,0,0.0
792,2.1381679694871507,0.26727099618589384,0.375,1.9056390622295662,4,1,0.125,3,0.375,2,0.25,2,0.25
793,1.8918634084641033,0.2364829260580129,0.5,1.5,3,4,0.5,2,0.25,0,0.0,2,0.25
794,2.823495753058998,0.35293696913237477,0.625,1.5487949406953985,4,1,0.125,1,0.125,1,0.125,5,0.625
795,2.325337292046305,0.29066716150578814,0.875,0.5435644431995964,2,7,0.875,0,0.0,1,0.125,0,0.0
796,1.1929959019906091,0.14912448774882614,0.75,0.8112781244591328,2,2,0.25,0,0.0,6,0.75,0,0.0
797,2.9697337873385625,0.3712167234173203,0.625,1.2987949406953985,3,5,0.625,1,0.125,2,0.25,0,0.0
798,2.392030716811088,0.299003839601386,0.75,1.061278124459133,3,1,0.125,1,0.125,6,0.75,0,0.0
799,3.517995510765054,0.4397494388456317,0.75,0.8112781244591328,2,2,0.25,6,0.75,0,0.0,0,0.0
800,2.3289661448178975,0.2911207681022372,0.5,1.5,3,2,0.25,4,0.5,2,0.25,0,0.0
801,0.5103425795323131,0.06379282244153914,0.875,0.5435644431995964,2,1,0.125,0,0.0,7,0.875,0,0.0
802,1.9715271101350087,0.2464408887668761,0.5,1.75,4,1,0.125,2,0.25,4,0.5,1,0.125
803,3.216037715391777,0.4020047144239721,1.0,0.0,1,0,0.0,0,0.0,0,0.0,8,1.0
804,5.030765260795315,0.6288456575994144,0.625,1.5487949406953985,4,1,0.125,1,0.125,1,0.125,5,0.625
805,-0.6052565993844481,-0.07565707492305601,0.625,0.9544340029249649,2,3,0.375,0,0.0,5,0.625,0,0.0
806,5.903913783227162,0.7379892229033953,0.375,1.9056390622295662,4,1,0.125,2,0.25,2,0.25,3,0.375
807,9.654059238739347,1.2067574048424183,0.375,1.8112781244591327,4,3,0.375,1,0.125,3,0.375,1,0.125
808,4.704158548166794,0.5880198185208493,0.875,0.5435644431995964,2,0,0.0,1,0.125,0,0.0,7,0.875
809,3.964024584063528,0.495503073007941,0.875,0.5435644431995964,2,0,0.0,7,0.875,0,0.0,1,0.125
810,4.076622321204102,0.5095777901505127,0.875,0.5435644431995964,2,0,0.0,1,0.125,0,0.0,7,0.875
811,3.354775072527835,0.41934688406597936,0.875,0.5435644431995964,2,0,0.0,7,0.875,0,0.0,1,0.125
812,4.940079961194226,0.6175099951492783,0.75,1.061278124459133,3,0,0.0,1,0.125,1,0.125,6,0.75
813,2.6634389529149933,0.33292986911437417,0.75,0.8112781244591328,2,0,0.0,0,0.0,6,0.75,2,0.25
814,2.3799850885826688,0.2974981360728336,0.75,0.8112781244591328,2,2,0.25,0,0.0,0,0.0,6,0.75
815,6.062955189805438,0.7578693987256797,0.625,1.5487949406953985,4,1,0.125,1,0.125,1,0.125,5,0.625
816,2.358821165490892,0.2948526456863615,0.625,0.9544340029249649,2,0,0.0,5,0.625,0,0.0,3,0.375
817,3.747997710765902,0.46849971384573774,0.875,0.5435644431995964,2,0,0.0,1,0.125,0,0.0,7,0.875
818,5.592522628480568,0.699065328560071,0.625,1.5487949406953985,4,1,0.125,5,0.625,1,0.125,1,0.125
819,2.1838858629739453,0.27298573287174316,0.875,0.5435644431995964,2,0,0.0,0,0.0,1,0.125,7,0.875
820,5.456918500539598,0.6821148125674498,0.625,1.5487949406953985,4,1,0.125,1,0.125,5,0.625,1,0.125
821,4.638845869347854,0.5798557336684818,0.5,1.4056390622295662,3,3,0.375,4,0.5,1,0.125,0,0.0
822,-1.5492653991941652,-0.19365817489927065,0.875,0.5435644431995964,2,1,0.125,0,0.0,7,0.875,0,0.0
823,3.6389208534085333,0.45486510667606667,0.625,1.2987949406953985,3,0,0.0,2,0.25,1,0.125,5,0.625
824,1.4739485035116178,0.18424356293895222,0.875,0.5435644431995964,2,0,0.0,7,0.875,1,0.125,0,0.0
825,-0.30138317375981494,-0.03767289671997687,1.0,0.0,1,0,0.0,0,0.0,8,1.0,0,0.0
826,8.243972992685448,1.030496624085681,0.375,1.9056390622295662,4,1,0.125,2,0.25,3,0.375,2,0.25
827,4.951755118962323,0.6189693898702904,0.625,1.2987949406953985,3,5,0.625,0,0.0,1,0.125,2,0.25
828,3.512805245875993,0.43910065573449913,0.625,0.9544340029249649,2,0,0.0,0,0.0,5,0.625,3,0.375
829,3.1355159560724863,0.3919394945090608,0.875,0.5435644431995964,2,0,0.0,0,0.0,1,0.125,7,0.875
830,6.491423878223374,0.8114279847779218,0.625,1.2987949406953985,3,1,0.125,0,0.0,2,0.25,5,0.625
831,2.780484152898952,0.347560519112369,0.625,1.2987949406953985,3,5,0.625,0,0.0,2,0.25,1,0.125
832,4.708662774530534,0.5885828468163168,0.75,1.061278124459133,3,1,0.125,0,0.0,1,0.125,6,0.75
833,3.5464479060054446,0.44330598825068057,0.625,1.5487949406953985,4,1,0.125,1,0.125,5,0.625,1,0.125
834,2.945597877204584,0.368199734650573,0.875,0.5435644431995964,2,0,0.0,7,0.875,0,0.0,1,0.125
835,0.9428206494983844,0.11785258118729805,0.875,0.5435644431995964,2,1,0.125,0,0.0,0,0.0,7,0.875
836,5.067983617868605,0.6334979522335756,0.75,1.061278124459133,3,0,0.0,1,0.125,1,0.125,6,0.75
837,3.124026528017237,0.3905033160021546,0.875,0.5435644431995964,2,0,0.0,1,0.125,7,0.875,0,0.0
838,4.037843862367515,0.5047304827959394,0.75,0.8112781244591328,2,0,0.0,6,0.75,2,0.25,0,0.0
839,5.055905226162906,0.6319881532703633,0.625,1.2987949406953985,3,0,0.0,2,0.25,5,0.625,1,0.125
840,6.650074412456334,0.8312593015570418,0.625,1.5487949406953985,4,1,0.125,1,0.125,1,0.125,5,0.625
841,1.171985421132365,0.14649817764154563,0.625,1.2987949406953985,3,2,0.25,5,0.625,1,0.125,0,0.0
842,9.096886136893131,1.1371107671116414,0.5,1.75,4,2,0.25,1,0.125,4,0.5,1,0.125
843,3.422749071861965,0.4278436339827456,0.875,0.5435644431995964,2,0,0.0,7,0.875,0,0.0,1,0.125
844,2.3220215747426534,0.29025269684283167,0.625,1.2987949406953985,3,0,0.0,2,0.25,1,0.125,5,0.625
845,4.7854601154521035,0.5981825144315129,0.75,1.061278124459133,3,0,0.0,1,0.125,1,0.125,6,0.75
846,2.71528007418043,0.33941000927255377,0.875,0.5435644431995964,2,0,0.0,0,0.0,7,0.875,1,0.125
847,4.369277764572852,0.5461597205716066,0.875,0.5435644431995964,2,1,0.125,0,0.0,0,0.0,7,0.875
848,1.2276907974949824,0.1534613496868728,0.875,0.5435644431995964,2,7,0.875,0,0.0,0,0.0,1,0.125
849,7.067198129511854,0.8833997661889817,0.625,1.5487949406953985,4,1,0.125,1,0.125,1,0.125,5,0.625
850,3.3733203366692197,0.42166504208365246,0.75,0.8112781244591328,2,0,0.0,6,0.75,2,0.25,0,0.0
851,3.945328427057755,0.49316605338221936,0.875,0.5435644431995964,2,0,0.0,1,0.125,7,0.875,0,0.0
852,1.22820008071652,0.153525010089565,0.5,1.4056390622295662,3,0,0.0,4,0.5,3,0.375,1,0.125
853,3.4482782027370247,0.4310347753421281,0.875,0.5435644431995964,2,0,0.0,0,0.0,1,0.125,7,0.875
854,3.847569810505453,0.4809462263131816,0.75,1.061278124459133,3,1,0.125,0,0.0,6,0.75,1,0.125
855,3.276146372124404,0.4095182965155505,0.875,0.5435644431995964,2,1,0.125,0,0.0,0,0.0,7,0.875
856,7.365857859954687,0.9207322324943359,0.625,1.5487949406953985,4,1,0.125,1,0.125,1,0.125,5,0.625
857,1.6470442341249592,0.2058805292656199,0.625,0.9544340029249649,2,3,0.375,0,0.0,5,0.625,0,0.0
858,3.6345420994955293,0.45431776243694116,0.5,1.4056390622295662,3,0,0.0,3,0.375,4,0.5,1,0.125
859,2.0751698999966255,0.2593962374995782,1.0,0.0,1,0,0.0,0,0.0,0,0.0,8,1.0
860,10.98970375647911,1.3737129695598886,0.625,1.5487949406953985,4,1,0.125,1,0.125,1,0.125,5,0.625
861,6.005043365309943,0.7506304206637429,0.875,0.5435644431995964,2,0,0.0,1,0.125,7,0.875,0,0.0
862,2.979956970806863,0.37249462135085787,0.875,0.5435644431995964,2,0,0.0,7,0.875,1,0.125,0,0.0
863,0.6932420975090414,0.08665526218863018,1.0,0.0,1,0,0.0,0,0.0,8,1.0,0,0.0
864,3.7672624560370083,0.47090780700462603,0.375,1.9056390622295662,4,1,0.125,2,0.25,3,0.375,2,0.25
865,3.2995493842910175,0.4124436730363772,0.625,1.2987949406953985,3,0,0.0,1,0.125,2,0.25,5,0.625
866,4.740238327898833,0.5925297909873541,0.875,0.5435644431995964,2,1,0.125,7,0.875,0,0.0,0,0.0
867,4.474841115013346,0.5593551393766683,0.625,1.5487949406953985,4,5,0.625,1,0.125,1,0.125,1,0.125
868,1.775657767910783,0.22195722098884788,0.875,0.5435644431995964,2,1,0.125,0,0.0,0,0.0,7,0.875
869,2.2104751858198926,0.27630939822748657,0.75,1.061278124459133,3,6,0.75,1,0.125,0,0.0,1,0.125
870,6.787993852801739,0.8484992316002173,0.75,1.061278124459133,3,0,0.0,1,0.125,1,0.125,6,0.75
871,5.154820437048853,0.6443525546311066,0.75,1.061278124459133,3,0,0.0,1,0.125,6,0.75,1,0.125
872,5.328582451572111,0.6660728064465139,0.875,0.5435644431995964,2,0,0.0,1,0.125,0,0.0,7,0.875
873,2.529297481607528,0.316162185200941,0.875,0.5435644431995964,2,0,0.0,7,0.875,0,0.0,1,0.125
874,1.5356889197810015,0.1919611149726252,1.0,0.0,1,0,0.0,0,0.0,0,0.0,8,1.0
875,5.765068118343329,0.7206335147929162,0.625,1.5487949406953985,4,1,0.125,1,0.125,1,0.125,5,0.625
876,6.663283914708159,0.8329104893385199,0.5,1.5,3,0,0.0,2,0.25,4,0.5,2,0.25
877,2.4349922917101776,0.3043740364637722,0.875,0.5435644431995964,2,0,0.0,0,0.0,1,0.125,7,0.875
878,1.0596659800884751,0.1324582475110594,1.0,0.0,1,0,0.0,0,0.0,8,1.0,0,0.0
879,7.666737479954271,0.9583421849942839,0.375,1.9056390622295662,4,1,0.125,2,0.25,2,0.25,3,0.375
880,3.8396639487031368,0.4799579935878921,0.75,1.061278124459133,3,1,0.125,0,0.0,6,0.75,1,0.125
881,2.9011916265042363,0.36264895331302954,1.0,0.0,1,0,0.0,0,0.0,0,0.0,8,1.0
882,6.243054724371003,0.7803818405463754,0.75,1.061278124459133,3,0,0.0,1,0.125,1,0.125,6,0.75
883,2.7506730190073534,0.3438341273759192,0.875,0.5435644431995964,2,0,0.0,1,0.125,7,0.875,0,0.0
884,0.7577972767452588,0.09472465959315735,0.75,1.061278124459133,3,1,0.125,6,0.75,1,0.125,0,0.0
885,1.931836433825257,0.24147955422815712,1.0,0.0,1,0,0.0,0,0.0,8,1.0,0,0.0
886,7.594752461294757,0.9493440576618446,0.625,1.5487949406953985,4,1,0.125,1,0.125,5,0.625,1,0.125
887,2.8609337074614567,0.3576167134326821,0.875,0.5435644431995964,2,0,0.0,1,0.125,0,0.0,7,0.875
888,1.284076021867039,0.16050950273337988,0.75,1.061278124459133,3,1,0.125,6,0.75,0,0.0,1,0.125
889,4.610126512806293,0.5762658141007866,0.875,0.5435644431995964,2,1,0.125,0,0.0,0,0.0,7,0.875
890,4.24426993846893,0.5305337423086163,0.5,1.4056390622295662,3,4,0.5,0,0.0,1,0.125,3,0.375
891,3.0314660480654423,0.3789332560081803,0.875,0.5435644431995964,2,0,0.0,0,0.0,1,0.125,7,0.875
892,5.533235455175586,0.6916544318969482,0.75,0.8112781244591328,2,0,0.0,2,0.25,6,0.75,0,0.0
893,3.453211063725467,0.4316513829656834,0.875,0.5435644431995964,2,0,0.0,7,0.875,1,0.125,0,0.0
894,1.0710643902213146,0.13388304877766433,1.0,0.0,1,0,0.0,0,0.0,8,1.0,0,0.0
895,4.072650454448212,0.5090813068060265,0.5,1.75,4,1,0.125,2,0.25,4,0.5,1,0.125
896,4.579067971612131,0.5723834964515164,0.75,1.061278124459133,3,0,0.0,1,0.125,1,0.125,6,0.75
897,2.378952651965145,0.2973690814956431,0.75,0.8112781244591328,2,0,0.0,2,0.25,6,0.75,0,0.0
898,5.048577858359517,0.6310722322949396,0.75,1.061278124459133,3,1,0.125,6,0.75,0,0.0,1,0.125
899,3.0304484092501682,0.37880605115627103,0.875,0.5435644431995964,2,1,0.125,0,0.0,0,0.0,7,0.875
900,3.844922573469189,0.4806153216836486,0.875,0.5435644431995964,2,7,0.875,0,0.0,0,0.0,1,0.125
901,6.348182429572159,0.7935228036965198,0.75,1.061278124459133,3,1,0.125,0,0.0,1,0.125,6,0.75
902,1.2898716698083414,0.16123395872604268,0.875,0.5435644431995964,2,0,0.0,0,0.0,7,0.875,1,0.125
903,4.516116245524581,0.5645145306905727,0.75,0.8112781244591328,2,0,0.0,0,0.0,2,0.25,6,0.75
904,3.6094185574935356,0.45117731968669195,0.75,0.8112781244591328,2,0,0.0,0,0.0,2,0.25,6,0.75
905,5.413903890047048,0.676737986255881,0.625,1.2987949406953985,3,0,0.0,2,0.25,5,0.625,1,0.125
906,2.180866831140232,0.272608353892529,1.0,0.0,1,0,0.0,0,0.0,0,0.0,8,1.0
907,3.7368910566207814,0.46711138207759767,0.625,1.2987949406953985,3,0,0.0,2,0.25,1,0.125,5,0.625
908,2.2033289148479147,0.27541611435598934,0.625,1.2987949406953985,3,0,0.0,2,0.25,5,0.625,1,0.125
909,2.340187997632761,0.29252349970409514,0.75,0.8112781244591328,2,0,0.0,6,0.75,2,0.25,0,0.0
910,5.72391747392419,0.7154896842405237,0.75,1.061278124459133,3,0,0.0,1,0.125,6,0.75,1,0.125
911,3.2781657814919436,0.40977072268649295,0.5,1.4056390622295662,3,0,0.0,4,0.5,1,0.125,3,0.375
912,4.756541281883884,0.5945676602354855,0.875,0.5435644431995964,2,0,0.0,0,0.0,7,0.875,1,0.125
913,5.9477799622562895,0.7434724952820362,0.5,1.5,3,0,0.0,2,0.25,2,0.25,4,0.5
914,2.392442708446131,0.2990553385557664,0.875,0.5435644431995964,2,1,0.125,7,0.875,0,0.0,0,0.0
915,3.6710411316368052,0.45888014145460065,0.875,0.5435644431995964,2,7,0.875,0,0.0,1,0.125,0,0.0
916,2.257527710660465,0.28219096383255815,1.0,0.0,1,0,0.0,0,0.0,8,1.0,0,0.0
917,4.645720938747514,0.5807151173434393,0.625,1.5487949406953985,4,1,0.125,1,0.125,5,0.625,1,0.125
918,1.629330953054383,0.20366636913179786,0.875,0.5435644431995964,2,1,0.125,0,0.0,0,0.0,7,0.875
919,4.903352058101882,0.6129190072627353,0.75,1.061278124459133,3,0,0.0,1,0.125,1,0.125,6,0.75
920,2.1957540259176658,0.2744692532397082,0.875,0.5435644431995964,2,0,0.0,1,0.125,7,0.875,0,0.0
921,1.4254125317234099,0.17817656646542623,1.0,0.0,1,0,0.0,8,1.0,0,0.0,0,0.0
922,7.443213798910146,0.9304017248637683,0.375,1.9056390622295662,4,1,0.125,2,0.25,2,0.25,3,0.375
923,4.440304247418508,0.5550380309273135,0.5,1.4056390622295662,3,3,0.375,0,0.0,4,0.5,1,0.125
924,4.544379841147696,0.568047480143462,1.0,0.0,1,0,0.0,0,0.0,0,0.0,8,1.0
925,2.384008514535683,0.2980010643169604,1.0,0.0,1,0,0.0,0,0.0,0,0.0,8,1.0
926,3.151970911543728,0.393996363942966,0.625,1.2987949406953985,3,2,0.25,0,0.0,1,0.125,5,0.625
927,3.125172374345681,0.39064654679321015,0.625,1.2987949406953985,3,0,0.0,2,0.25,1,0.125,5,0.625
928,2.232518246732305,0.27906478084153813,0.625,1.2987949406953985,3,0,0.0,2,0.25,1,0.125,5,0.625
929,2.4748221040770386,0.3093527630096298,1.0,0.0,1,0,0.0,8,1.0,0,0.0,0,0.0
930,8.576955540497917,1.0721194425622396,0.625,1.5487949406953985,4,1,0.125,5,0.625,1,0.125,1,0.125
931,2.2794366183191883,0.28492957728989854,0.875,0.5435644431995964,2,7,0.875,1,0.125,0,0.0,0,0.0
932,1.1227858236184167,0.1403482279523021,0.875,0.5435644431995964,2,1,0.125,7,0.875,0,0.0,0,0.0
933,0.12839157540046242,0.016048946925057803,1.0,0.0,1,8,1.0,0,0.0,0,0.0,0,0.0
934,2.5797195031407307,0.32246493789259134,0.375,1.9056390622295662,4,1,0.125,2,0.25,2,0.25,3,0.375
935,3.3939905539918964,0.42424881924898705,0.875,0.5435644431995964,2,7,0.875,0,0.0,1,0.125,0,0.0
936,1.89197608418066,0.2364970105225825,0.625,1.2987949406953985,3,1,0.125,0,0.0,5,0.625,2,0.25
937,4.987464506733132,0.6234330633416415,0.75,0.8112781244591328,2,0,0.0,0,0.0,2,0.25,6,0.75
938,2.2635877472760444,0.28294846840950555,0.875,0.5435644431995964,2,0,0.0,0,0.0,7,0.875,1,0.125
939,7.704566452666317,0.9630708065832896,0.625,1.2987949406953985,3,0,0.0,1,0.125,5,0.625,2,0.25
940,1.5448757642910693,0.19310947053638366,1.0,0.0,1,0,0.0,0,0.0,0,0.0,8,1.0
941,3.3639586861478383,0.4204948357684798,0.625,1.5487949406953985,4,1,0.125,1,0.125,1,0.125,5,0.625
942,5.193948435473182,0.6492435544341477,0.625,1.2987949406953985,3,1,0.125,2,0.25,5,0.625,0,0.0
943,3.4078014565338774,0.4259751820667347,0.5,1.4056390622295662,3,1,0.125,3,0.375,4,0.5,0,0.0
944,2.197492648062476,0.2746865810078095,0.875,0.5435644431995964,2,7,0.875,1,0.125,0,0.0,0,0.0
945,3.1116469423311734,0.3889558677913967,0.875,0.5435644431995964,2,1,0.125,7,0.875,0,0.0,0,0.0
946,3.7166286516342573,0.46457858145428216,0.875,0.5435644431995964,2,7,0.875,0,0.0,0,0.0,1,0.125
947,0.9933031032674463,0.12416288790843079,1.0,0.0,1,0,0.0,0,0.0,0,0.0,8,1.0
948,5.312180580404962,0.6640225725506202,0.5,1.75,4,2,0.25,1,0.125,1,0.125,4,0.5
949,3.162335746557944,0.395291968319743,0.625,1.2987949406953985,3,1,0.125,2,0.25,5,0.625,0,0.0
950,9.695594079140815,1.2119492598926018,0.375,1.9056390622295662,4,2,0.25,2,0.25,3,0.375,1,0.125
951,2.4047234362954195,0.30059042953692744,0.625,0.9544340029249649,2,3,0.375,0,0.0,0,0.0,5,0.625
952,2.367886924103151,0.29598586551289385,0.75,1.061278124459133,3,1,0.125,1,0.125,0,0.0,6,0.75
953,1.396829352683853,0.17460366908548164,1.0,0.0,1,0,0.0,8,1.0,0,0.0,0,0.0
954,8.016848674949234,1.0021060843686542,0.375,1.9056390622295662,4,1,0.125,2,0.25,2,0.25,3,0.375
955,4.5377790811723795,0.5672223851465474,0.625,0.9544340029249649,2,5,0.625,0,0.0,3,0.375,0,0.0
956,5.770664195669067,0.7213330244586333,0.875,0.5435644431995964,2,1,0.125,0,0.0,7,0.875,0,0.0
957,5.332271021987776,0.666533877748472,0.625,0.9544340029249649,2,5,0.625,0,0.0,3,0.375,0,0.0
958,5.148603390691461,0.6435754238364326,0.5,1.75,4,1,0.125,1,0.125,4,0.5,2,0.25
959,2.1628480748807126,0.2703560093600891,0.875,0.5435644431995964,2,7,0.875,0,0.0,1,0.125,0,0.0
960,2.975184248516618,0.37189803106457725,0.75,0.8112781244591328,2,2,0.25,0,0.0,6,0.75,0,0.0
961,2.5796085943697733,0.32245107429622166,0.625,1.2987949406953985,3,0,0.0,2,0.25,5,0.625,1,0.125
962,3.1337957977689768,0.3917244747211221,0.875,0.5435644431995964,2,0,0.0,1,0.125,0,0.0,7,0.875
963,7.1719638820220135,0.8964954852527517,0.625,1.5487949406953985,4,1,0.125,5,0.625,1,0.125,1,0.125
964,4.519541405021638,0.5649426756277047,0.75,0.8112781244591328,2,0,0.0,0,0.0,2,0.25,6,0.75
965,1.7193938576997652,0.21492423221247065,0.75,1.061278124459133,3,1,0.125,0,0.0,6,0.75,1,0.125
966,0.9735698555214487,0.12169623194018109,1.0,0.0,1,0,0.0,0,0.0,0,0.0,8,1.0
967,5.265247795787081,0.6581559744733851,0.625,1.5487949406953985,4,1,0.125,1,0.125,1,0.125,5,0.625
968,3.2183455533571843,0.40229319416964804,0.875,0.5435644431995964,2,0,0.0,1,0.125,7,0.875,0,0.0
969,5.306196097399568,0.663274512174946,0.5,1.5,3,0,0.0,4,0.5,2,0.25,2,0.25
970,3.9314364362536676,0.49142955453170845,0.875,0.5435644431995964,2,0,0.0,0,0.0,1,0.125,7,0.875
971,2.506000171610028,0.3132500214512535,1.0,0.0,1,0,0.0,0,0.0,8,1.0,0,0.0
972,8.159126108229442,1.0198907635286802,0.5,1.75,4,2,0.25,1,0.125,4,0.5,1,0.125
973,8.630435127175176,1.078804390896897,0.75,1.061278124459133,3,0,0.0,1,0.125,1,0.125,6,0.75
974,2.604799826548886,0.32559997831861076,0.875,0.5435644431995964,2,0,0.0,1,0.125,7,0.875,0,0.0
975,4.6448710488026865,0.5806088811003358,0.5,1.75,4,1,0.125,4,0.5,2,0.25,1,0.125
976,2.6157377529765005,0.32696721912206256,0.625,1.2987949406953985,3,2,0.25,1,0.125,0,0.0,5,0.625
977,8.886149540140876,1.1107686925176095,0.625,1.5487949406953985,4,1,0.125,1,0.125,1,0.125,5,0.625
978,3.032516777735579,0.37906459721694735,0.875,0.5435644431995964,2,1,0.125,0,0.0,7,0.875,0,0.0
979,1.020944525722339,0.12761806571529238,0.75,0.8112781244591328,2,6,0.75,0,0.0,2,0.25,0,0.0
980,5.382519492984062,0.6728149366230077,0.625,1.5487949406953985,4,1,0.125,1,0.125,5,0.625,1,0.125
981,3.535105714269803,0.4418882142837254,0.875,0.5435644431995964,2,7,0.875,0,0.0,0,0.0,1,0.125
982,0.880864777876767,0.11010809723459587,0.75,1.061278124459133,3,1,0.125,0,0.0,1,0.125,6,0.75
983,5.011556542835963,0.6264445678544954,0.875,0.5435644431995964,2,0,0.0,0,0.0,7,0.875,1,0.125
984,4.233777413405649,0.5292221766757061,0.875,0.5435644431995964,2,0,0.0,0,0.0,1,0.125,7,0.875
985,2.144031925780221,0.2680039907225276,0.875,0.5435644431995964,2,0,0.0,0,0.0,7,0.875,1,0.125
986,5.047065363589798,0.6308831704487248,0.75,1.061278124459133,3,0,0.0,1,0.125,1,0.125,6,0.75
987,3.382608766536415,0.4228260958170519,0.5,1.75,4,1,0.125,2,0.25,4,0.5,1,0.125
988,2.7374058013320544,0.3421757251665068,0.75,1.061278124459133,3,0,0.0,1,0.125,1,0.125,6,0.75
989,2.634530007070302,0.32931625088378774,1.0,0.0,1,0,0.0,0,0.0,8,1.0,0,0.0
990,5.128123470559776,0.641015433819972,0.625,1.5487949406953985,4,1,0.125,1,0.125,5,0.625,1,0.125
991,3.144530448747065,0.3930663060933831,0.875,0.5435644431995964,2,1,0.125,0,0.0,0,0.0,7,0.875
992,3.024889571785593,0.37811119647319913,0.875,0.5435644431995964,2,7,0.875,0,0.0,0,0.0,1,0.125
993,4.752829738821467,0.5941037173526834,0.875,0.5435644431995964,2,0,0.0,0,0.0,1,0.125,7,0.875
994,1.3424245831161234,0.16780307288951543,0.75,0.8112781244591328,2,0,0.0,0,0.0,6,0.75,2,0.25
995,3.9808122311829397,0.49760152889786746,0.375,1.8112781244591325,4,1,0.125,1,0.125,3,0.375,3,0.375
996,1.6674533498355317,0.20843166872944147,0.875,0.5435644431995964,2,1,0.125,7,0.875,0,0.0,0,0.0
997,1.3149765620486298,0.16437207025607872,1.0,0.0,1,8,1.0,0,0.0,0,0.0,0,0.0
998,4.914851512791486,0.6143564390989358,0.375,1.9056390622295662,4,1,0.125,2,0.25,2,0.25,3,0.375
999,3.0402893841414533,0.38003617301768167,0.75,0.8112781244591328,2,0,0.0,6,0.75,2,0.25,0,0.0
1000,2.378377799017789,0.2972972248772236,0.375,1.8112781244591327,4,1,0.125,3,0.375,3,0.375,1,0.125
