scenario,communication_structure,network_topology,communication_noise,use_reputation,malicious_agent_ratio,lying_probability,lie_magnitude,reputation_strength,reputation_learning_rate,seed,average_cumulative_return,average_reward_over_time,final_group_performance,average_group_reward_per_timestep,cumulative_return_std,cumulative_return_variance,gini_coefficient,final_most_popular_arm_share,final_choice_entropy,final_distinct_arms_chosen,mean_most_popular_arm_share,mean_choice_entropy,mean_distinct_arms_chosen,oracle_expected_group_reward_per_step,expected_regret,mean_lie_rate,final_mean_reputation
sq2_lr_global_clean_no_reputation,global,fully_connected,0.0,False,0.0,0.0,0.0,0.0,0.0,1,3322.2531051229653,0.830563276280741,26578.024840983722,6.644506210245928,283.7561595095031,80517.55805958256,0.04715055789989986,0.25,2.0,4,0.30371875,2.0205088178412405,4.2615,12.4,23021.975159016278,0.0,1.0
sq2_lr_global_clean_no_reputation,global,fully_connected,0.0,False,0.0,0.0,0.0,0.0,0.0,7,3368.633867062248,0.8421584667655618,26949.070936497985,6.737267734124495,308.750643848785,95326.96007703926,0.050746198612244386,0.25,2.25,5,0.30890625,2.0069935904838334,4.22825,12.4,22650.929063502015,0.0,1.0
sq2_lr_global_clean_no_reputation,global,fully_connected,0.0,False,0.0,0.0,0.0,0.0,0.0,21,3372.242612788467,0.8430606531971155,26977.940902307735,6.744485225576924,314.4042078073969,98850.00588699682,0.05077149643979606,0.25,2.0,4,0.3075625,2.0134420873637016,4.24925,12.4,22622.059097692265,0.0,1.0
sq2_lr_global_clean_no_reputation,global,fully_connected,0.0,False,0.0,0.0,0.0,0.0,0.0,42,3400.9224799274207,0.850230619981854,27207.379839419365,6.801844959854832,324.58435415707316,105355.00296356429,0.05344987301546311,0.25,2.25,5,0.3058125,2.012391523693652,4.2405,12.4,22392.620160580635,0.0,1.0
sq2_lr_global_clean_no_reputation,global,fully_connected,0.0,False,0.0,0.0,0.0,0.0,0.0,84,3419.1841009901127,0.854796025247528,27353.4728079209,6.838368201980224,321.43845597055844,103322.68097673662,0.05285195348019589,0.375,1.9056390622295662,4,0.30775,2.007627406017843,4.22875,12.4,22246.5271920791,0.0,1.0
sq2_lr_global_clean_lr_0.05,global,fully_connected,0.0,True,0.0,0.0,0.0,1.0,0.05,1,3331.866411469305,0.832966602867325,26654.93129175444,6.6637328229386,290.12135851217147,84170.40266494792,0.04846742316785524,0.375,1.9056390622295662,4,0.306875,2.014215677598144,4.25075,12.4,22945.06870824556,0.0,1.7052928030335537
sq2_lr_global_clean_lr_0.05,global,fully_connected,0.0,True,0.0,0.0,0.0,1.0,0.05,7,3386.4818304163446,0.8466204576040861,27091.854643330757,6.772963660832689,309.1897952685409,95598.32949820222,0.050366844130051325,0.25,2.0,4,0.31040625,2.0024084396994737,4.21575,12.4,22508.145356669243,0.0,1.718388801000579
sq2_lr_global_clean_lr_0.05,global,fully_connected,0.0,True,0.0,0.0,0.0,1.0,0.05,21,3383.9855474652827,0.8459963868663207,27071.88437972226,6.767971094930566,286.93445469228453,82331.38128955869,0.04605048036246728,0.375,1.9056390622295662,4,0.30553125,2.0136994186169463,4.24325,12.4,22528.11562027774,0.0,1.726070213577053
sq2_lr_global_clean_lr_0.05,global,fully_connected,0.0,True,0.0,0.0,0.0,1.0,0.05,42,3377.6361360760525,0.8444090340190141,27021.08908860842,6.755272272152113,295.7173460702516,87448.74876683294,0.04824591053689642,0.375,1.9056390622295662,4,0.3063125,2.0173927455691927,4.2605,12.4,22578.91091139158,0.0,1.7081718242107569
sq2_lr_global_clean_lr_0.05,global,fully_connected,0.0,True,0.0,0.0,0.0,1.0,0.05,84,3409.316964473877,0.8523292411184689,27274.535715791015,6.818633928947751,321.66091496573944,103465.74421659665,0.05259355707918356,0.375,1.9056390622295662,4,0.30771875,2.0067472561104562,4.22475,12.4,22325.464284208985,0.0,1.69999871418487
sq2_lr_global_clean_lr_0.1,global,fully_connected,0.0,True,0.0,0.0,0.0,1.0,0.1,1,3373.261039928995,0.8433152599822478,26986.08831943196,6.746522079857982,306.00464173295416,93638.84076211364,0.05056749649638137,0.25,2.25,5,0.3058125,2.0115649260380777,4.236,12.4,22613.91168056804,0.0,1.7018764850941144
sq2_lr_global_clean_lr_0.1,global,fully_connected,0.0,True,0.0,0.0,0.0,1.0,0.1,7,3398.8303372325927,0.8497075843081497,27190.64269786074,6.797660674465198,299.22380062639206,89534.88286130283,0.04893186851797515,0.25,2.0,4,0.305125,2.0242502647124545,4.28325,12.4,22409.35730213926,0.0,1.707227120961122
sq2_lr_global_clean_lr_0.1,global,fully_connected,0.0,True,0.0,0.0,0.0,1.0,0.1,21,3396.968875801955,0.8492422189504887,27175.75100641564,6.7939377516039094,308.7159804251697,95305.55656987376,0.05001654131612998,0.375,1.9056390622295662,4,0.3056875,2.016480057679176,4.25475,12.4,22424.24899358436,0.0,1.6960108390482256
sq2_lr_global_clean_lr_0.1,global,fully_connected,0.0,True,0.0,0.0,0.0,1.0,0.1,42,3401.531627542848,0.8503829068857116,27212.253020342785,6.803063255085693,294.79819874015834,86905.97798044191,0.047967593077611115,0.375,1.9056390622295662,4,0.3061875,2.0145272381480614,4.2475,12.4,22387.746979657215,0.0,1.7063376298659416
sq2_lr_global_clean_lr_0.1,global,fully_connected,0.0,True,0.0,0.0,0.0,1.0,0.1,84,3396.3698546975033,0.8490924636743755,27170.958837580027,6.792739709395004,307.4818230239106,94545.07149010745,0.050846154267080834,0.375,1.8112781244591325,4,0.30759375,2.0116825947848325,4.24225,12.4,22429.041162419973,0.0,1.6855115902402027
sq2_lr_global_clean_lr_0.25,global,fully_connected,0.0,True,0.0,0.0,0.0,1.0,0.25,1,3346.36152388438,0.8365903809710944,26770.89219107504,6.692723047768755,284.5816807789266,80986.73303495889,0.04575014108103348,0.25,2.0,4,0.304875,2.015669061980175,4.2475,12.4,22829.10780892496,0.0,1.7135473428270238
sq2_lr_global_clean_lr_0.25,global,fully_connected,0.0,True,0.0,0.0,0.0,1.0,0.25,7,3337.504616200943,0.834376154050236,26700.036929607544,6.675009232401888,272.35626744911,74177.93641881115,0.044281268077835056,0.25,2.0,4,0.30378125,2.0204852276067977,4.2625,12.4,22899.963070392456,0.0,1.7317864658201667
sq2_lr_global_clean_lr_0.25,global,fully_connected,0.0,True,0.0,0.0,0.0,1.0,0.25,21,3393.696042346682,0.8484240105866712,27149.568338773457,6.787392084693369,298.24324041281415,88949.03045193567,0.04869461814355169,0.25,2.25,5,0.30571875,2.0178302455691925,4.261,12.4,22450.431661226543,0.0,1.7247866101018177
sq2_lr_global_clean_lr_0.25,global,fully_connected,0.0,True,0.0,0.0,0.0,1.0,0.25,42,3391.804678812692,0.8479511697031721,27134.437430501537,6.783609357625377,328.8600497188977,108148.93230111586,0.054458633389661504,0.25,2.25,5,0.30721875,2.007433816660374,4.224,12.4,22465.562569498463,0.0,1.6939633347524437
sq2_lr_global_clean_lr_0.25,global,fully_connected,0.0,True,0.0,0.0,0.0,1.0,0.25,84,3411.4787451531574,0.8528696862882887,27291.82996122526,6.82295749030631,304.79484813611015,92899.89945031446,0.050552656119429606,0.25,2.25,5,0.30859375,2.0081152072826693,4.23125,12.4,22308.17003877474,0.0,1.665922547036699
sq2_lr_global_clean_lr_0.5,global,fully_connected,0.0,True,0.0,0.0,0.0,1.0,0.5,1,3360.3607520789037,0.8400901880197249,26882.88601663123,6.720721504157799,311.6933997362066,97152.77543911464,0.05180749314908617,0.375,1.9056390622295662,4,0.3034375,2.02387188151129,4.27775,12.4,22717.11398336877,0.0,1.7023094130313976
sq2_lr_global_clean_lr_0.5,global,fully_connected,0.0,True,0.0,0.0,0.0,1.0,0.5,7,3384.956053975553,0.8462390134938891,27079.648431804424,6.769912107951113,293.1736801701057,85950.80674448343,0.048300917720913716,0.25,2.25,5,0.30615625,2.0097888920525535,4.23025,12.4,22520.351568195576,0.0,1.7359507522548754
sq2_lr_global_clean_lr_0.5,global,fully_connected,0.0,True,0.0,0.0,0.0,1.0,0.5,21,3385.081014770021,0.8462702536925039,27080.648118160167,6.770162029540031,292.8790799553154,85778.15547547201,0.04813572762327012,0.375,1.9056390622295662,4,0.304,2.0208271447934867,4.265,12.4,22519.351881839833,0.0,1.768002710375899
sq2_lr_global_clean_lr_0.5,global,fully_connected,0.0,True,0.0,0.0,0.0,1.0,0.5,42,3381.035877840681,0.8452589694601707,27048.28702272545,6.762071755681365,308.86864058322976,95399.83713573236,0.050132827906591126,0.375,1.9056390622295662,4,0.304375,2.0198553401046344,4.26375,12.4,22551.71297727455,0.0,1.7296620479012914
sq2_lr_global_clean_lr_0.5,global,fully_connected,0.0,True,0.0,0.0,0.0,1.0,0.5,84,3390.5168509478244,0.8476292127369554,27124.134807582595,6.781033701895643,292.9025433842708,85791.89992097465,0.04636740008828477,0.25,2.25,5,0.30596875,2.0181816553347502,4.263,12.4,22475.865192417405,0.0,1.754234110409895
sq2_lr_global_clean_lr_0.75,global,fully_connected,0.0,True,0.0,0.0,0.0,1.0,0.75,1,3390.569366339985,0.8476423415849957,27124.55493071988,6.781138732679966,301.65446810731515,90995.41812910723,0.04964928021228188,0.25,2.25,5,0.305875,2.01432657994257,4.2485,12.4,22475.44506928012,0.0,1.751159895042192
sq2_lr_global_clean_lr_0.75,global,fully_connected,0.0,True,0.0,0.0,0.0,1.0,0.75,7,3352.552085343147,0.8381380213357874,26820.416682745177,6.705104170686299,301.50644277315314,90906.13503372067,0.049390981805283785,0.25,2.0,4,0.30521875,2.018343403774684,4.26,12.4,22779.583317254823,0.0,1.7491764127123106
sq2_lr_global_clean_lr_0.75,global,fully_connected,0.0,True,0.0,0.0,0.0,1.0,0.75,21,3380.535122199609,0.8451337805499016,27044.28097759687,6.761070244399213,317.5830040528955,100858.96446326145,0.05237249428386059,0.25,2.25,5,0.30575,2.012635696741406,4.24075,12.4,22555.71902240313,0.0,1.7659840024860833
sq2_lr_global_clean_lr_0.75,global,fully_connected,0.0,True,0.0,0.0,0.0,1.0,0.75,42,3393.962191523961,0.8484905478809902,27151.697532191687,6.787924383047922,313.6296772982614,98363.57448221158,0.051623459701651386,0.375,1.9056390622295662,4,0.3060625,2.012961072521439,4.24225,12.4,22448.302467808313,0.0,1.757974936327037
sq2_lr_global_clean_lr_0.75,global,fully_connected,0.0,True,0.0,0.0,0.0,1.0,0.75,84,3380.073139932716,0.8450182849831791,27040.585119461728,6.760146279865433,303.40510683555726,92054.65885389593,0.05011485273669947,0.25,2.0,4,0.3065625,2.010041053378177,4.235,12.4,22559.414880538272,0.0,1.7694159102936569
sq2_lr_global_malicious_no_reputation,global,fully_connected,0.0,False,0.25,0.7,1.0,0.0,0.0,1,3116.0675198057793,0.7790168799514454,24928.540158446234,6.232135039611563,268.3922553937369,72034.4027553369,0.048469493026419785,0.375,1.5612781244591325,3,0.3421875,1.8987522239776584,3.94675,12.4,24671.459841553766,0.17109375,1.0
sq2_lr_global_malicious_no_reputation,global,fully_connected,0.0,False,0.25,0.7,1.0,0.0,0.0,7,3083.538315905353,0.7708845789763383,24668.306527242825,6.167076631810707,258.5079505850672,66826.36051569153,0.04649739097443706,0.25,2.25,5,0.34103125,1.9017760966375592,3.95325,12.4,24931.693472757175,0.17690625,1.0
sq2_lr_global_malicious_no_reputation,global,fully_connected,0.0,False,0.25,0.7,1.0,0.0,0.0,21,3093.150710810102,0.7732876777025266,24745.205686480815,6.186301421620213,322.9363197350802,104287.86660403795,0.05848144281175771,0.375,1.9056390622295662,4,0.34540625,1.8969198915435461,3.95275,12.4,24854.794313519185,0.17403125,1.0
sq2_lr_global_malicious_no_reputation,global,fully_connected,0.0,False,0.25,0.7,1.0,0.0,0.0,42,3119.1765939373986,0.7797941484843495,24953.41275149919,6.238353187874796,415.0908476899249,172300.4118359404,0.07397172175467692,0.25,2.0,4,0.35496875,1.8898377493611844,3.94825,12.4,24646.58724850081,0.1765625,1.0
sq2_lr_global_malicious_no_reputation,global,fully_connected,0.0,False,0.25,0.7,1.0,0.0,0.0,84,3182.9219199587133,0.7957304799896785,25463.375359669706,6.365843839917428,256.0350859145552,65553.96521927368,0.04556322476252905,0.375,1.9056390622295662,4,0.3318125,1.9131824908024555,3.96075,12.4,24136.624640330294,0.17359375,1.0
sq2_lr_global_malicious_lr_0.05,global,fully_connected,0.0,True,0.25,0.7,1.0,1.0,0.05,1,3146.529371648344,0.7866323429120863,25172.23497318675,6.29305874329669,283.35674840156076,80291.04686470541,0.050733397875611264,0.25,2.0,4,0.3413125,1.896178070073166,3.93625,12.4,24427.76502681325,0.17209375,1.6013173138278063
sq2_lr_global_malicious_lr_0.05,global,fully_connected,0.0,True,0.25,0.7,1.0,1.0,0.05,7,3143.2463725224184,0.7858115931306048,25145.970980179347,6.286492745044838,249.16470884341507,62083.052133023804,0.04344361319801626,0.25,2.0,4,0.3359375,1.9123151966548668,3.97075,12.4,24454.029019820653,0.177,1.5968857070087694
sq2_lr_global_malicious_lr_0.05,global,fully_connected,0.0,True,0.25,0.7,1.0,1.0,0.05,21,3187.4347637658316,0.7968586909414576,25499.478110126653,6.3748695275316605,352.09918337346056,123973.83493225781,0.062224762746202256,0.25,2.0,4,0.33909375,1.9082846497663453,3.96925,12.4,24100.521889873347,0.173625,1.617572738203911
sq2_lr_global_malicious_lr_0.05,global,fully_connected,0.0,True,0.25,0.7,1.0,1.0,0.05,42,3109.844040172915,0.777461010043229,24878.75232138332,6.219688080345832,424.5573438816097,180248.93824380738,0.07528923361335838,0.375,1.9056390622295662,4,0.35284375,1.899270269685313,3.973,12.4,24721.24767861668,0.17759375,1.6298837148618195
sq2_lr_global_malicious_lr_0.05,global,fully_connected,0.0,True,0.25,0.7,1.0,1.0,0.05,84,3194.8952637876564,0.7987238159469138,25559.16211030125,6.38979052757531,222.0660828768247,49313.34516425678,0.038997574016298664,0.375,1.5612781244591325,3,0.32509375,1.9354172293089136,4.01825,12.4,24040.83788969875,0.17275,1.5933026877546272
sq2_lr_global_malicious_lr_0.1,global,fully_connected,0.0,True,0.25,0.7,1.0,1.0,0.1,1,3094.9559242665455,0.7737389810666375,24759.647394132364,6.1899118485331,257.11242264327825,66106.79787749573,0.04640811537788747,0.25,2.0,4,0.335375,1.924546776348046,4.01175,12.4,24840.352605867636,0.17340625,1.6324447409987513
sq2_lr_global_malicious_lr_0.1,global,fully_connected,0.0,True,0.25,0.7,1.0,1.0,0.1,7,3105.573276014906,0.776393319003727,24844.586208119246,6.211146552029816,254.2417965419973,64638.89110890235,0.04559237703437691,0.375,1.9056390622295662,4,0.334625,1.9228543888458827,4.00425,12.4,24755.413791880754,0.17659375,1.6205276290386106
sq2_lr_global_malicious_lr_0.1,global,fully_connected,0.0,True,0.25,0.7,1.0,1.0,0.1,21,3174.3063633545557,0.7935765908386392,25394.450906836446,6.3486127267091135,336.74278435780894,113395.70281704982,0.05825176215253158,0.25,2.0,4,0.33753125,1.914518673210606,3.98525,12.4,24205.549093163554,0.17478125,1.6440886120804046
sq2_lr_global_malicious_lr_0.1,global,fully_connected,0.0,True,0.25,0.7,1.0,1.0,0.1,42,3152.3522690976106,0.7880880672744033,25218.818152780885,6.304704538195226,439.65057853565526,193292.63120673635,0.07740582472909363,0.25,2.25,5,0.35265625,1.8975132208575263,3.96675,12.4,24381.181847219115,0.17615625,1.6278238907505793
sq2_lr_global_malicious_lr_0.1,global,fully_connected,0.0,True,0.25,0.7,1.0,1.0,0.1,84,3207.8843827264936,0.8019710956816238,25663.07506181195,6.415768765452991,242.41558436654677,58765.315543774355,0.042079607291926946,0.375,1.5612781244591327,3,0.32409375,1.937601760747385,4.022,12.4,23936.92493818805,0.17178125,1.6141210718414538
sq2_lr_global_malicious_lr_0.25,global,fully_connected,0.0,True,0.25,0.7,1.0,1.0,0.25,1,3144.8170482441406,0.7862042620610351,25158.536385953124,6.289634096488281,267.97571735263944,71810.98509066169,0.046915280196178966,0.375,1.9056390622295662,4,0.334375,1.9183375650137686,3.99,12.4,24441.463614046876,0.1726875,1.651152094150647
sq2_lr_global_malicious_lr_0.25,global,fully_connected,0.0,True,0.25,0.7,1.0,1.0,0.25,7,3161.04024496886,0.7902600612422153,25288.32195975088,6.322080489937722,262.09022197202364,68691.28445334463,0.04502915486174586,0.375,1.9056390622295662,4,0.3345625,1.9163896329848173,3.98425,12.4,24311.67804024912,0.17615625,1.6514671282201265
sq2_lr_global_malicious_lr_0.25,global,fully_connected,0.0,True,0.25,0.7,1.0,1.0,0.25,21,3155.9719370068756,0.7889929842517194,25247.775496055005,6.311943874013755,332.00603025325535,110228.00412452551,0.059176489419099365,0.375,1.9056390622295662,4,0.33840625,1.9154736540673443,3.992,12.4,24352.224503944995,0.1740625,1.6562051627689203
sq2_lr_global_malicious_lr_0.25,global,fully_connected,0.0,True,0.25,0.7,1.0,1.0,0.25,42,3138.82546801468,0.7847063670036704,25110.60374411744,6.277650936029363,424.2966285032878,180027.62895925704,0.07514919417672816,0.375,2.1556390622295662,5,0.35171875,1.9024669798387235,3.98075,12.4,24489.39625588256,0.17746875,1.6356168381045644
sq2_lr_global_malicious_lr_0.25,global,fully_connected,0.0,True,0.25,0.7,1.0,1.0,0.25,84,3242.222028392548,0.8105555070981372,25937.776227140384,6.484444056785097,230.05244459771814,52924.12726538617,0.039883630918970736,0.25,2.0,4,0.32315625,1.941911159971679,4.031,12.4,23662.223772859616,0.17378125,1.5923287674164903
sq2_lr_global_malicious_lr_0.5,global,fully_connected,0.0,True,0.25,0.7,1.0,1.0,0.5,1,3122.6692818677193,0.7806673204669295,24981.354254941754,6.245338563735436,269.3857556267907,72568.685334617,0.04838973362256893,0.375,1.9056390622295662,4,0.33653125,1.9130707411816548,3.98075,12.4,24618.645745058246,0.172625,1.6876819335537814
sq2_lr_global_malicious_lr_0.5,global,fully_connected,0.0,True,0.25,0.7,1.0,1.0,0.5,7,3112.459852706171,0.7781149631765425,24899.67882164937,6.22491970541234,249.8335867143084,62416.821050535866,0.04526101086330958,0.25,2.0,4,0.3338125,1.923172998223587,4.0045,12.4,24700.32117835063,0.17584375,1.589353001168027
sq2_lr_global_malicious_lr_0.5,global,fully_connected,0.0,True,0.25,0.7,1.0,1.0,0.5,21,3212.858922049758,0.8032147305124391,25702.871376398063,6.425717844099513,347.44068764377005,120715.03143037579,0.05994578515949578,0.375,1.5612781244591327,3,0.33815625,1.9095278833640166,3.969,12.4,23897.128623601937,0.17315625,1.513985434947773
sq2_lr_global_malicious_lr_0.5,global,fully_connected,0.0,True,0.25,0.7,1.0,1.0,0.5,42,3158.8709284404786,0.7897177321101196,25270.96742752383,6.317741856880957,417.3366352121475,174169.86709019705,0.07378255797975242,0.375,1.9056390622295662,4,0.3506875,1.904662093517427,3.98,12.4,24329.03257247617,0.1745,1.6042959423509349
sq2_lr_global_malicious_lr_0.5,global,fully_connected,0.0,True,0.25,0.7,1.0,1.0,0.5,84,3224.232992843197,0.8060582482107982,25793.863942745575,6.4484659856863855,213.52130867029476,45591.34925627529,0.03740510058708946,0.375,2.1556390622295662,5,0.32190625,1.9475468744260886,4.05225,12.4,23806.136057254425,0.1738125,1.6589863177961328
sq2_lr_global_malicious_lr_0.75,global,fully_connected,0.0,True,0.25,0.7,1.0,1.0,0.75,1,3175.462189124925,0.7938655472812308,25403.6975129994,6.350924378249847,279.6275394994398,78191.56084651077,0.049015421270227844,0.375,1.9056390622295662,4,0.3360625,1.9173115310282445,3.99225,12.4,24196.3024870006,0.17165625,1.7071025701707399
sq2_lr_global_malicious_lr_0.75,global,fully_connected,0.0,True,0.25,0.7,1.0,1.0,0.75,7,3152.6052977617237,0.7881513244404318,25220.84238209379,6.305210595523454,259.4375097102054,67307.82144463292,0.04487197497271911,0.25,2.0,4,0.33171875,1.9221472466635208,3.99575,12.4,24379.15761790621,0.1753125,1.6936223214665582
sq2_lr_global_malicious_lr_0.75,global,fully_connected,0.0,True,0.25,0.7,1.0,1.0,0.75,21,3195.6452534611967,0.7989113133652984,25565.162027689574,6.391290506922387,346.2207096406145,119868.77978405067,0.06055580071826139,0.25,2.0,4,0.33684375,1.9213761923538677,4.006,12.4,24034.837972310426,0.17471875,1.7132597176166067
sq2_lr_global_malicious_lr_0.75,global,fully_connected,0.0,True,0.25,0.7,1.0,1.0,0.75,42,3147.094061826647,0.7867735154566614,25176.752494613174,6.294188123653291,412.44714803288826,170112.64992046324,0.07145907062710055,0.375,1.5612781244591325,3,0.35121875,1.9048493110919686,3.987,12.4,24423.247505386826,0.17640625,1.5768504594771624
sq2_lr_global_malicious_lr_0.75,global,fully_connected,0.0,True,0.25,0.7,1.0,1.0,0.75,84,3240.031232088765,0.8100078080221916,25920.24985671012,6.480062464177533,223.8012737663448,50087.010139438404,0.03867418043086923,0.375,1.5612781244591325,3,0.32146875,1.9463324009904817,4.044,12.4,23679.75014328988,0.1720625,1.6198431982641914
sq2_lr_local_clean_no_reputation,local,ring_lattice,0.0,False,0.0,0.0,0.0,0.0,0.0,1,2770.1325430762367,0.6925331357690595,22161.060344609894,5.540265086152476,85.44111460918627,7300.184065660103,0.01567439977692975,0.375,1.8112781244591325,4,0.4175625,1.7392621991560175,3.73425,12.4,27438.939655390106,0.0,1.0
sq2_lr_local_clean_no_reputation,local,ring_lattice,0.0,False,0.0,0.0,0.0,0.0,0.0,7,2955.350289112319,0.7388375722780801,23642.80231289855,5.910700578224641,184.28527846322282,33961.06385826758,0.030848755772452163,0.375,1.9056390622295662,4,0.40090625,1.817110835614752,3.938,12.4,25957.19768710145,0.0,1.0
sq2_lr_local_clean_no_reputation,local,ring_lattice,0.0,False,0.0,0.0,0.0,0.0,0.0,21,2820.8131839516027,0.7052032959879009,22566.50547161282,5.641626367903207,124.0127152333179,15379.153539539999,0.02404164826242705,0.375,1.9056390622295662,4,0.4149375,1.7496538228204337,3.75175,12.4,27033.49452838718,0.0,1.0
sq2_lr_local_clean_no_reputation,local,ring_lattice,0.0,False,0.0,0.0,0.0,0.0,0.0,42,2883.7415204293206,0.72093538010733,23069.932163434565,5.76748304085864,95.50584882039433,9121.367158904017,0.018230758215551424,0.375,1.9056390622295662,4,0.4105625,1.7626528729566049,3.78075,12.4,26530.067836565435,0.0,1.0
sq2_lr_local_clean_no_reputation,local,ring_lattice,0.0,False,0.0,0.0,0.0,0.0,0.0,84,2856.074040675646,0.7140185101689112,22848.592325405167,5.712148081351289,135.26089517182922,18295.509762684575,0.025448535179433796,0.375,1.5612781244591325,3,0.40946875,1.7829283095767081,3.8505,12.4,26751.407674594833,0.0,1.0
sq2_lr_local_clean_lr_0.05,local,ring_lattice,0.0,True,0.0,0.0,0.0,1.0,0.05,1,2774.2684882962085,0.6935671220740519,22194.147906369668,5.548536976592415,135.40856280591467,18335.478881163337,0.024251578218275283,0.375,2.1556390622295662,5,0.4141875,1.757692752250746,3.78175,12.4,27405.852093630332,0.0,1.188657333326791
sq2_lr_local_clean_lr_0.05,local,ring_lattice,0.0,True,0.0,0.0,0.0,1.0,0.05,7,2920.471054064242,0.7301177635160602,23363.768432513934,5.840942108128481,162.1374920495346,26288.566328112895,0.030176651426721657,0.375,1.9056390622295662,4,0.40759375,1.7745563058955183,3.8145,12.4,26236.231567486066,0.0,1.190035305042975
sq2_lr_local_clean_lr_0.05,local,ring_lattice,0.0,True,0.0,0.0,0.0,1.0,0.05,21,2770.756125431294,0.6926890313578244,22166.049003450353,5.541512250862596,134.5209284699586,18095.880196419716,0.026508973079649945,0.25,2.25,5,0.40575,1.7989371067581346,3.8925,12.4,27433.950996549647,0.0,1.183864010367823
sq2_lr_local_clean_lr_0.05,local,ring_lattice,0.0,True,0.0,0.0,0.0,1.0,0.05,42,2858.379357127964,0.7145948392819916,22867.03485702371,5.716758714255933,102.18195458491807,10441.151842794261,0.018702416731292137,0.25,2.0,4,0.41278125,1.7601791452808546,3.7815,12.4,26732.96514297629,0.0,1.182897070323207
sq2_lr_local_clean_lr_0.05,local,ring_lattice,0.0,True,0.0,0.0,0.0,1.0,0.05,84,2771.9880965210045,0.692997024130251,22175.904772168036,5.543976193042008,162.6213994399097,26445.719555794665,0.030067966481594155,0.25,2.0,4,0.40628125,1.804535038724187,3.9165,12.4,27424.095227831964,0.0,1.1883625697772056
sq2_lr_local_clean_lr_0.1,local,ring_lattice,0.0,True,0.0,0.0,0.0,1.0,0.1,1,2992.442135423202,0.7481105338558004,23939.537083385618,5.984884270846403,231.7954491741332,53729.13025783817,0.04150605662075346,0.375,1.8112781244591325,4,0.39859375,1.8145138603389044,3.91425,12.4,25660.462916614382,0.0,1.1843321082172296
sq2_lr_local_clean_lr_0.1,local,ring_lattice,0.0,True,0.0,0.0,0.0,1.0,0.1,7,2766.470218960441,0.6916175547401103,22131.761751683527,5.532940437920883,186.34423917276504,34724.17547287666,0.03272625461233636,0.375,1.8112781244591325,4,0.41234375,1.7712311871622735,3.82725,12.4,27468.238248316473,0.0,1.1938508577878622
sq2_lr_local_clean_lr_0.1,local,ring_lattice,0.0,True,0.0,0.0,0.0,1.0,0.1,21,2887.0975611970216,0.7217743902992544,23096.780489576173,5.774195122394035,131.68069680312124,17339.80591055554,0.02312402950511694,0.375,1.8112781244591325,4,0.40596875,1.784394706909884,3.83775,12.4,26503.219510423827,0.0,1.2001738952956613
sq2_lr_local_clean_lr_0.1,local,ring_lattice,0.0,True,0.0,0.0,0.0,1.0,0.1,42,3086.587692824833,0.7716469232062078,24692.701542598665,6.173175385649662,210.09419933662014,44139.57259489547,0.03262632567864854,0.25,2.0,4,0.3975625,1.817972050876009,3.923,12.4,24907.298457401335,0.0,1.1854650393214878
sq2_lr_local_clean_lr_0.1,local,ring_lattice,0.0,True,0.0,0.0,0.0,1.0,0.1,84,2967.639660508354,0.7419099151270877,23741.117284066833,5.935279321016702,285.53506093943395,81530.27102568626,0.04796166162336957,0.5,1.4056390622295662,3,0.40675,1.7859463637783906,3.84725,12.4,25858.882715933167,0.0,1.2049204152166124
sq2_lr_local_clean_lr_0.25,local,ring_lattice,0.0,True,0.0,0.0,0.0,1.0,0.25,1,2898.7987268057595,0.7246996817014404,23190.389814446076,5.797597453611523,247.92694540807184,61467.77025937704,0.04460526912711127,0.375,1.8112781244591327,4,0.4055,1.7930386483823897,3.8635,12.4,26409.610185553924,0.0,1.1941512662930518
sq2_lr_local_clean_lr_0.25,local,ring_lattice,0.0,True,0.0,0.0,0.0,1.0,0.25,7,2822.510376946873,0.7056275942367181,22580.083015574983,5.6450207538937445,214.4157087350106,45974.096152336904,0.03610896410618958,0.375,1.5612781244591325,3,0.41246875,1.7734481484356952,3.8285,12.4,27019.916984425017,0.0,1.182730212474571
sq2_lr_local_clean_lr_0.25,local,ring_lattice,0.0,True,0.0,0.0,0.0,1.0,0.25,21,2869.9634505420204,0.7174908626355048,22959.707604336163,5.739926901084038,123.20357148067556,15179.120025593933,0.024191926134704334,0.25,2.0,4,0.401875,1.8129387228975966,3.92075,12.4,26640.292395663837,0.0,1.182400776227631
sq2_lr_local_clean_lr_0.25,local,ring_lattice,0.0,True,0.0,0.0,0.0,1.0,0.25,42,2924.1570052514808,0.7310392513128713,23393.256042011846,5.84831401050297,169.30482972278867,28664.125367462464,0.0324722648582485,0.375,2.1556390622295662,5,0.40365625,1.7991940081547535,3.8805,12.4,26206.743957988154,0.0,1.1926097738587789
sq2_lr_local_clean_lr_0.25,local,ring_lattice,0.0,True,0.0,0.0,0.0,1.0,0.25,84,3009.030841324639,0.7522577103311594,24072.24673059711,6.018061682649275,175.9162158003962,30946.51498153157,0.031172140107742274,0.375,2.1556390622295662,5,0.3974375,1.8204896371463353,3.9345,12.4,25527.75326940289,0.0,1.192593816621228
sq2_lr_local_clean_lr_0.5,local,ring_lattice,0.0,True,0.0,0.0,0.0,1.0,0.5,1,2898.7987268057595,0.7246996817014404,23190.389814446076,5.797597453611523,247.92694540807184,61467.77025937704,0.04460526912711127,0.375,1.8112781244591327,4,0.4055,1.7930386483823897,3.8635,12.4,26409.610185553924,0.0,1.203904817663806
sq2_lr_local_clean_lr_0.5,local,ring_lattice,0.0,True,0.0,0.0,0.0,1.0,0.5,7,2850.321044056933,0.7125802610142338,22802.568352455462,5.70064208811387,164.8758167602475,27184.034952358703,0.032026037513432026,0.375,1.8112781244591325,4,0.4046875,1.7875853697694262,3.85025,12.4,26797.431647544538,0.0,1.2169529519170788
sq2_lr_local_clean_lr_0.5,local,ring_lattice,0.0,True,0.0,0.0,0.0,1.0,0.5,21,2968.8469283144923,0.7422117320786227,23750.77542651594,5.937693856628981,100.72008089993223,10144.534696488892,0.019140175613054478,0.375,2.1556390622295662,5,0.403125,1.8023515121089164,3.891,12.4,25849.22457348406,0.0,1.2107706744157918
sq2_lr_local_clean_lr_0.5,local,ring_lattice,0.0,True,0.0,0.0,0.0,1.0,0.5,42,2983.864500828953,0.7459661252072384,23870.916006631625,5.967729001657907,202.9556747625543,41191.005918323724,0.03653940855317028,0.375,1.5612781244591325,3,0.402125,1.8067635770027752,3.90075,12.4,25729.083993368375,0.0,1.2137812218820094
sq2_lr_local_clean_lr_0.5,local,ring_lattice,0.0,True,0.0,0.0,0.0,1.0,0.5,84,3014.6138457667234,0.7536534614416808,24116.910766133788,6.029227691533446,222.35642533297892,49442.379886860625,0.03956440105056602,0.375,2.1556390622295662,5,0.3956875,1.831581395673737,3.9685,12.4,25483.089233866212,0.0,1.2026553493101226
sq2_lr_local_clean_lr_0.75,local,ring_lattice,0.0,True,0.0,0.0,0.0,1.0,0.75,1,2831.071772144389,0.7077679430360972,22648.57417715511,5.662143544288778,96.98114680767405,9405.342836131627,0.018692546980958458,0.375,1.8112781244591325,4,0.40790625,1.795014952179168,3.88975,12.4,26951.42582284489,0.0,1.1934575481142988
sq2_lr_local_clean_lr_0.75,local,ring_lattice,0.0,True,0.0,0.0,0.0,1.0,0.75,7,2954.0185179605232,0.7385046294901313,23632.148143684186,5.90803703592105,139.03991572486203,19332.098164776737,0.025423174568304896,0.5,1.75,4,0.4036875,1.805237079132158,3.90275,12.4,25967.851856315814,0.0,1.1976365871122745
sq2_lr_local_clean_lr_0.75,local,ring_lattice,0.0,True,0.0,0.0,0.0,1.0,0.75,21,2920.8064453059005,0.7302016113264759,23366.451562447204,5.841612890611807,108.54644905248442,11782.331601903596,0.019819483074277278,0.375,1.9056390622295662,4,0.4055,1.7976572236632213,3.88275,12.4,26233.548437552796,0.0,1.2094585686268937
sq2_lr_local_clean_lr_0.75,local,ring_lattice,0.0,True,0.0,0.0,0.0,1.0,0.75,42,2811.8518911554092,0.7029629727888523,22494.815129243274,5.623703782310819,70.12644899288424,4917.718848351595,0.014068600171528445,0.375,1.9056390622295662,4,0.413875,1.7666850287567115,3.812,12.4,27105.184870756726,0.0,1.2141884217763415
sq2_lr_local_clean_lr_0.75,local,ring_lattice,0.0,True,0.0,0.0,0.0,1.0,0.75,84,2860.9500189699243,0.7152375047424808,22887.600151759394,5.721900037939847,226.2965039673662,51210.107707852185,0.03970400668205509,0.25,2.25,5,0.40384375,1.7950965220192991,3.877,12.4,26712.399848240606,0.0,1.2114761796236242
sq2_lr_local_malicious_no_reputation,local,ring_lattice,0.0,False,0.25,0.7,1.0,0.0,0.0,1,2888.2047381000075,0.7220511845250024,23105.63790480006,5.776409476200019,399.26309499518635,159411.0190251352,0.07283379005374613,0.5,1.5,3,0.41146875,1.7699725342304014,3.80575,12.4,26494.36209519994,0.1748125,1.0
sq2_lr_local_malicious_no_reputation,local,ring_lattice,0.0,False,0.25,0.7,1.0,0.0,0.0,7,2580.971669434622,0.6452429173586562,20647.773355476977,5.16194333886925,207.81485822584207,43187.01529942684,0.04390204875371029,0.5,1.4056390622295662,3,0.4370625,1.6502585542782946,3.496,12.4,28952.226644523023,0.174,1.0
sq2_lr_local_malicious_no_reputation,local,ring_lattice,0.0,False,0.25,0.7,1.0,0.0,0.0,21,2621.4734577152117,0.6553683644288032,20971.787661721693,5.242946915430426,295.7828883998743,87487.51707017251,0.06355396645242717,0.5,1.75,4,0.44540625,1.6544572553650083,3.536,12.4,28628.212338278307,0.17409375,1.0
sq2_lr_local_malicious_no_reputation,local,ring_lattice,0.0,False,0.25,0.7,1.0,0.0,0.0,42,2399.798778616789,0.5999496946541975,19198.390228934313,4.79959755723358,280.9186220162556,78915.27219551188,0.065634310271796,0.25,2.5,6,0.46815625,1.5712675738831654,3.35475,12.4,30401.609771065687,0.1734375,1.0
sq2_lr_local_malicious_no_reputation,local,ring_lattice,0.0,False,0.25,0.7,1.0,0.0,0.0,84,2551.973146503967,0.637993286625992,20415.785172031738,5.103946293007936,189.33055750565887,35846.0600054036,0.04177176051248277,0.5,1.75,4,0.4385,1.6596969749126458,3.53375,12.4,29184.214827968262,0.17259375,1.0
sq2_lr_local_malicious_lr_0.05,local,ring_lattice,0.0,True,0.25,0.7,1.0,1.0,0.05,1,2718.706527054367,0.6796766317635939,21749.652216434937,5.4374130541087515,396.63079420694476,157315.98691323175,0.07462142033621832,0.25,2.0,4,0.4206875,1.7458221226858441,3.76175,12.4,27850.347783565063,0.17203125,1.1568119682885434
sq2_lr_local_malicious_lr_0.05,local,ring_lattice,0.0,True,0.25,0.7,1.0,1.0,0.05,7,2658.8824653638662,0.6647206163409665,21271.05972291093,5.317764930727732,235.8484155393755,55624.475112433945,0.04946942955438538,0.375,1.9056390622295662,4,0.42615625,1.702187377216198,3.624,12.4,28328.94027708907,0.174125,1.1662424504546953
sq2_lr_local_malicious_lr_0.05,local,ring_lattice,0.0,True,0.25,0.7,1.0,1.0,0.05,21,2606.7792209123,0.651694805228075,20854.2337672984,5.2135584418246,303.79706022807073,92292.65380321803,0.06642298427611104,0.5,1.75,4,0.44453125,1.6463671293065198,3.51075,12.4,28745.7662327016,0.17421875,1.1623922319940585
sq2_lr_local_malicious_lr_0.05,local,ring_lattice,0.0,True,0.25,0.7,1.0,1.0,0.05,42,2591.2413636335273,0.6478103409083824,20729.930909068218,5.182482727267059,311.0406531675933,96746.28792292307,0.06640685950325342,0.5,1.4056390622295662,3,0.4539375,1.612312471575141,3.43225,12.4,28870.069090931782,0.172625,1.1696605213282836
sq2_lr_local_malicious_lr_0.05,local,ring_lattice,0.0,True,0.25,0.7,1.0,1.0,0.05,84,2594.186162423418,0.6485465406058537,20753.489299387344,5.18837232484683,162.06285761840326,26264.369819442847,0.03524317751137751,0.375,2.1556390622295662,5,0.436875,1.648079643245518,3.4935,12.4,28846.510700612656,0.1728125,1.1598746440248409
sq2_lr_local_malicious_lr_0.1,local,ring_lattice,0.0,True,0.25,0.7,1.0,1.0,0.1,1,2704.440179114267,0.6761100447785674,21635.521432914134,5.408880358228539,288.0137263799349,82951.90658325602,0.05411703302206994,0.5,1.5,3,0.424125,1.7230223857741354,3.69325,12.4,27964.478567085866,0.1746875,1.1707313868877152
sq2_lr_local_malicious_lr_0.1,local,ring_lattice,0.0,True,0.25,0.7,1.0,1.0,0.1,7,2558.2111438293205,0.6395527859573298,20465.689150634564,5.116422287658638,212.82405802984732,45294.07967629182,0.04533323767295938,0.375,1.9056390622295662,4,0.43471875,1.653953137230846,3.502,12.4,29134.310849365436,0.17365625,1.1640012633936938
sq2_lr_local_malicious_lr_0.1,local,ring_lattice,0.0,True,0.25,0.7,1.0,1.0,0.1,21,2517.0856944547795,0.629271423613696,20136.685555638236,5.034171388909568,268.55071066279316,72119.48419749124,0.0599039154916845,0.5,1.0,2,0.449625,1.6318812737829183,3.484,12.4,29463.314444361764,0.17428125,1.1520276986772406
sq2_lr_local_malicious_lr_0.1,local,ring_lattice,0.0,True,0.25,0.7,1.0,1.0,0.1,42,2557.73344893415,0.639433362233538,20461.8675914732,5.115466897868304,338.3358828030852,114471.16959214301,0.07315011579080188,0.5,1.4056390622295662,3,0.4555625,1.621046295007473,3.46225,12.4,29138.1324085268,0.17675,1.1717876919274595
sq2_lr_local_malicious_lr_0.1,local,ring_lattice,0.0,True,0.25,0.7,1.0,1.0,0.1,84,2633.206138470112,0.6583015346175274,21065.649107760895,5.266412276940219,135.2822023804939,18301.274280916914,0.02803844743539252,0.5,1.5,3,0.42584375,1.7114777740886535,3.667,12.4,28534.350892239105,0.170375,1.1737057749054
sq2_lr_local_malicious_lr_0.25,local,ring_lattice,0.0,True,0.25,0.7,1.0,1.0,0.25,1,2778.662611100429,0.6946656527751062,22229.30088880343,5.557325222200849,366.45467047360404,134289.02551191772,0.06259708577800982,0.5,1.4056390622295662,3,0.42559375,1.705861353662549,3.6385,12.4,27370.69911119657,0.1756875,1.1846163849333662
sq2_lr_local_malicious_lr_0.25,local,ring_lattice,0.0,True,0.25,0.7,1.0,1.0,0.25,7,2654.044913366533,0.6635112283416345,21232.359306932263,5.308089826733076,234.71409103055234,55090.70452829841,0.049555466925143676,0.5,1.5,3,0.42653125,1.6869031537321166,3.57725,12.4,28367.640693067737,0.17503125,1.1544649354243708
sq2_lr_local_malicious_lr_0.25,local,ring_lattice,0.0,True,0.25,0.7,1.0,1.0,0.25,21,2646.9705902332553,0.6617426475583134,21175.764721866042,5.293941180466507,379.7163896844278,144184.5365949762,0.0812705493458643,0.5,1.5,3,0.4423125,1.6458539740808524,3.49475,12.4,28424.235278133958,0.1734375,1.1577312222743414
sq2_lr_local_malicious_lr_0.25,local,ring_lattice,0.0,True,0.25,0.7,1.0,1.0,0.25,42,2491.3591791360036,0.622839794784001,19930.87343308803,4.982718358272008,339.4512455456539,115227.1481024958,0.07607326786814617,0.375,1.5612781244591325,3,0.45884375,1.6012409364104692,3.413,12.4,29669.12656691197,0.177625,1.1377143123179378
sq2_lr_local_malicious_lr_0.25,local,ring_lattice,0.0,True,0.25,0.7,1.0,1.0,0.25,84,2604.8430824741877,0.6512107706185465,20838.7446597935,5.209686164948372,156.6512832941494,24539.62455770385,0.032590688150172076,0.5,1.75,4,0.42840625,1.7008664295470213,3.63875,12.4,28761.2553402065,0.175,1.1771017863719544
sq2_lr_local_malicious_lr_0.5,local,ring_lattice,0.0,True,0.25,0.7,1.0,1.0,0.5,1,2868.288648615543,0.7170721621538863,22946.309188924344,5.73657729723109,421.5967094356031,177743.78540692833,0.06849243694171725,0.25,2.0,4,0.41365625,1.7653843067368333,3.7945,12.4,26653.690811075656,0.17346875,1.2030524602528851
sq2_lr_local_malicious_lr_0.5,local,ring_lattice,0.0,True,0.25,0.7,1.0,1.0,0.5,7,2622.6730085283857,0.6556682521320965,20981.384068227086,5.245346017056772,226.50694049299221,51305.39409149592,0.04766163183527894,0.375,1.9056390622295662,4,0.43196875,1.6763068389145739,3.5625,12.4,28618.615931772914,0.17609375,1.1703144741232183
sq2_lr_local_malicious_lr_0.5,local,ring_lattice,0.0,True,0.25,0.7,1.0,1.0,0.5,21,2591.436015343961,0.6478590038359902,20731.48812275169,5.182872030687921,293.0670944826703,85888.32186851442,0.06395148946496754,0.375,1.9056390622295662,4,0.43678125,1.695243752673859,3.64325,12.4,28868.51187724831,0.1725,1.201151761357988
sq2_lr_local_malicious_lr_0.5,local,ring_lattice,0.0,True,0.25,0.7,1.0,1.0,0.5,42,2590.660050348204,0.6476650125870506,20725.280402785633,5.1813201006964045,348.8983164754082,121730.03523937409,0.07433409983652961,0.5,1.4056390622295662,3,0.45521875,1.6105688654014352,3.436,12.4,28874.719597214367,0.17403125,1.1730715668791465
sq2_lr_local_malicious_lr_0.5,local,ring_lattice,0.0,True,0.25,0.7,1.0,1.0,0.5,84,2672.754478051369,0.668188619512841,21382.035824410952,5.345508956102728,207.28748796419694,42968.10266650709,0.04264723997674391,0.375,1.9056390622295662,4,0.42890625,1.6767350452811942,3.55525,12.4,28217.964175589048,0.1728125,1.1551330867317153
sq2_lr_local_malicious_lr_0.75,local,ring_lattice,0.0,True,0.25,0.7,1.0,1.0,0.75,1,2804.434237210261,0.7011085593025651,22435.473897682088,5.608868474420521,368.3572945548665,135687.09645178067,0.06873671378308543,0.5,1.75,4,0.41940625,1.745780656121983,3.75225,12.4,27164.526102317912,0.17234375,1.2103267867301075
sq2_lr_local_malicious_lr_0.75,local,ring_lattice,0.0,True,0.25,0.7,1.0,1.0,0.75,7,2673.0018083683585,0.6682504520920904,21384.01446694687,5.3460036167367235,247.56748921613166,61289.66171677947,0.04972019095564395,0.5,1.5,3,0.425125,1.7000981868207112,3.61225,12.4,28215.98553305313,0.177,1.1469207691201764
sq2_lr_local_malicious_lr_0.75,local,ring_lattice,0.0,True,0.25,0.7,1.0,1.0,0.75,21,2585.1250578676973,0.6462812644669245,20681.000462941578,5.170250115735396,294.0844600380749,86485.66963588606,0.06421568614010265,0.75,0.8112781244591328,2,0.4495625,1.6109272901157474,3.4115,12.4,28918.999537058422,0.17525,1.2304783280969638
sq2_lr_local_malicious_lr_0.75,local,ring_lattice,0.0,True,0.25,0.7,1.0,1.0,0.75,42,2386.0850772078534,0.5965212693019633,19088.680617662827,4.772170154415706,283.6961832310058,80483.52437984041,0.06695853425700893,0.75,1.061278124459133,3,0.466625,1.5762516822229802,3.371,12.4,30511.319382337173,0.1765,1.2068166152269177
sq2_lr_local_malicious_lr_0.75,local,ring_lattice,0.0,True,0.25,0.7,1.0,1.0,0.75,84,2592.8872321137806,0.6482218080284448,20743.097856910244,5.185774464227558,141.60658774711877,20052.425693382447,0.0296317431824209,0.5,1.4056390622295662,3,0.43965625,1.644266311587635,3.4885,12.4,28856.902143089756,0.17203125,1.157277961708478
